country_name,is_in_africa,is_in_asia,is_in_europe,is_in_north_america,is_in_south_america,is_in_oceania,is_in_antarctica,is_in_middle_east,is_in_caribbean,is_in_central_america,is_in_southeast_asia,is_in_eastern_europe,is_in_western_europe,is_in_scandinavia,is_in_mediterranean,is_in_sub_saharan_africa,is_landlocked,is_an_island_nation,has_coastline,has_mountain_ranges,has_desert_regions,has_tropical_rainforest,has_tundra_or_arctic_regions,has_major_rivers,has_active_volcanoes,is_primarily_flat,borders_an_ocean,borders_mediterranean_sea,borders_pacific_ocean,borders_atlantic_ocean,borders_indian_ocean,is_very_large_area,is_small_area,is_highly_populated,is_sparsely_populated,has_megacities,has_tropical_climate,has_temperate_climate,has_cold_or_arctic_climate,has_desert_climate,has_mediterranean_climate,experiences_monsoons,is_a_monarchy,is_a_republic,is_a_democracy,is_a_dictatorship_or_authoritarian,is_a_federal_state,is_former_british_colony,is_former_french_colony,is_former_spanish_colony,is_communist_or_socialist,is_part_of_european_union,is_part_of_nato,is_part_of_arab_league,is_part_of_african_union,is_permanent_un_security_council_member,is_highly_developed,is_developing_country,is_major_oil_producer,has_strong_technology_sector,is_major_agricultural_exporter,is_major_manufacturing_hub,has_significant_tourism_industry,is_financial_hub,relies_heavily_on_natural_resources,primary_language_is_english,primary_language_is_spanish,primary_language_is_french,primary_language_is_arabic,primary_language_is_chinese,primary_language_is_portuguese,primary_language_is_russian,is_multilingual_nation,uses_latin_alphabet,uses_arabic_alphabet,uses_cyrillic_alphabet,uses_ideographic_script,is_predominantly_christian,is_predominantly_muslim,is_predominantly_hindu,is_predominantly_buddhist,is_secular_or_non_religious,has_state_religion,was_colonizer_or_empire,was_colonized,was_part_of_soviet_union,was_part_of_ottoman_empire,gained_independence_after_1990,has_ancient_civilization_history,was_major_power_in_20th_century,is_famous_for_cuisine,is_famous_for_sports,hosted_olympics,hosted_world_cup,has_unesco_world_heritage_sites,is_famous_for_art_or_architecture,is_famous_for_natural_wonders,is_popular_tourist_destination,has_nuclear_weapons,has_space_program,has_advanced_public_transportation,has_high_internet_penetration,shares_border_with_many_countries,shares_border_with_usa,shares_border_with_china,shares_border_with_russia,is_in_conflict_zone,is_city_state,is_transcontinental,changed_name_in_recent_history,is_recognized_by_all_un_members,uses_euro_currency,uses_dollar_currency,is_in_g7,is_in_g20,is_in_brics
Argentina,0.0,0.0,0.0,0.0,1.0,0.0,0.0,0.0,0.0,0.0,0.0,0.0,0.0,0.0,0.0,0.0,0.0,0.0,1.0,1.0,0.5,0.0,0.0,1.0,0.25,0.5,1.0,0.0,0.0,1.0,0.0,1.0,0.0,0.75,0.25,1.0,0.0,1.0,0.0,0.5,0.5,0.0,0.0,1.0,1.0,0.0,1.0,0.0,0.0,1.0,0.0,0.0,0.0,0.0,0.0,0.0,0.5,0.5,0.25,0.5,1.0,0.5,1.0,0.5,0.75,0.0,1.0,0.0,0.0,0.0,0.0,0.0,0.5,1.0,0.0,0.0,0.0,1.0,0.0,0.0,0.0,0.5,0.0,0.0,1.0,0.0,0.0,0.0,1.0,0.5,1.0,1.0,0.0,1.0,1.0,0.75,1.0,1.0,0.0,0.0,0.5,0.5,1.0,0.0,0.0,0.0,0.0,0.0,0.0,0.0,1.0,0.0,0.75,0.0,1.0,0.0
Barbados,0.0,0.0,0.0,0.0,0.0,0.0,0.0,0.0,1.0,0.0,0.0,0.0,0.0,0.0,0.0,0.0,0.0,1.0,1.0,0.0,0.0,0.0,0.0,0.0,0.0,0.75,1.0,0.0,0.0,1.0,0.0,0.0,1.0,0.5,0.25,0.0,1.0,0.0,0.0,0.0,0.0,0.0,0.0,1.0,1.0,0.0,0.0,1.0,0.0,0.0,0.0,0.0,0.0,0.0,0.0,0.0,0.5,0.75,0.0,0.25,0.5,0.25,1.0,0.25,0.5,1.0,0.0,0.0,0.0,0.0,0.0,0.0,0.5,1.0,0.0,0.0,0.0,1.0,0.0,0.0,0.0,0.25,0.0,0.0,1.0,0.0,0.0,0.0,0.0,0.0,0.5,0.5,0.0,0.0,0.0,0.5,0.5,1.0,0.0,0.0,0.25,0.5,0.0,0.0,0.0,0.0,0.0,0.0,0.0,0.0,0.5,0.0,1.0,0.0,0.0,0.0
Andorra,0.0,0.0,1.0,0.0,0.0,0.0,0.0,0.0,0.0,0.0,0.0,0.0,1.0,0.0,0.75,0.0,1.0,0.0,0.0,1.0,0.0,0.0,0.0,0.25,0.0,0.0,0.0,0.75,0.0,0.0,0.0,0.0,1.0,0.25,0.75,0.0,0.0,1.0,0.0,0.0,0.5,0.0,0.75,0.0,1.0,0.0,0.0,0.0,0.0,0.0,0.0,0.0,0.0,0.0,0.0,0.0,0.75,0.25,0.0,0.5,0.0,0.0,1.0,0.5,0.0,0.0,0.5,1.0,0.0,0.0,0.0,0.0,1.0,1.0,0.0,0.0,0.0,1.0,0.0,0.0,0.0,0.25,0.0,0.0,0.0,0.0,0.0,0.0,1.0,0.0,0.25,0.5,0.0,0.0,0.75,0.5,0.25,1.0,0.0,0.0,0.5,0.75,1.0,0.0,0.0,0.0,0.0,0.0,0.0,0.0,0.5,1.0,0.0,0.0,0.0,0.0
Azerbaijan,0.0,1.0,0.25,0.0,0.0,0.0,0.0,1.0,0.0,0.0,0.0,0.5,0.0,0.0,0.75,0.0,0.0,0.0,1.0,1.0,0.25,0.0,0.0,1.0,0.0,0.25,0.0,0.0,0.0,0.0,0.0,0.0,0.0,0.5,0.25,0.0,0.0,0.5,0.25,0.25,0.0,0.0,0.0,1.0,0.5,0.5,0.0,0.0,0.0,0.0,0.0,0.0,0.0,0.75,0.0,0.0,0.25,0.75,1.0,0.25,0.5,0.25,0.5,0.25,1.0,0.0,0.0,0.0,0.0,0.0,0.0,0.5,0.75,0.75,0.0,0.0,0.0,0.0,1.0,0.0,0.0,0.25,0.0,0.0,0.0,1.0,0.0,1.0,1.0,0.0,0.5,0.25,0.0,0.0,0.5,0.5,0.5,0.5,0.0,0.0,0.25,0.5,1.0,0.0,0.0,1.0,1.0,0.0,0.0,0.0,0.25,0.0,0.0,0.0,0.0,0.0
Belgium,0.0,0.0,1.0,0.0,0.0,0.0,0.0,0.0,0.0,0.0,0.0,0.25,1.0,0.0,0.0,0.0,0.0,0.0,1.0,0.0,0.0,0.0,0.0,1.0,0.0,1.0,1.0,0.0,0.0,1.0,0.0,0.0,0.75,1.0,0.0,0.0,0.0,1.0,0.0,0.0,0.0,0.0,1.0,0.0,1.0,0.0,0.0,0.0,1.0,0.0,0.0,1.0,1.0,0.0,0.0,0.0,1.0,0.0,0.0,1.0,0.25,1.0,0.75,1.0,0.0,0.25,0.0,1.0,0.0,0.0,0.0,0.0,1.0,1.0,0.0,0.0,0.0,1.0,0.0,0.0,0.0,0.5,0.0,0.75,0.0,0.0,0.0,0.0,0.5,0.5,1.0,0.75,0.0,0.0,1.0,1.0,0.0,0.75,0.0,0.0,1.0,1.0,1.0,0.0,0.0,0.0,0.0,0.0,0.0,0.0,1.0,1.0,0.0,0.0,0.0,0.0
Belize,0.0,0.0,0.0,1.0,0.0,0.0,0.0,0.0,1.0,1.0,0.0,0.0,0.0,0.0,0.0,0.0,0.0,0.0,1.0,0.25,0.0,1.0,0.0,1.0,0.0,0.5,1.0,0.0,0.0,1.0,0.0,0.0,1.0,0.25,0.75,0.0,1.0,0.0,0.0,0.0,0.0,0.0,0.0,1.0,1.0,0.0,0.0,1.0,0.0,0.75,0.0,0.0,0.0,0.0,0.0,0.0,0.25,1.0,0.0,0.25,0.75,0.0,1.0,0.0,0.75,1.0,0.5,0.0,0.0,0.0,0.0,0.0,0.75,1.0,0.0,0.0,0.0,1.0,0.0,0.0,0.0,0.25,0.0,0.0,1.0,0.0,0.0,0.0,0.5,0.0,0.5,0.25,0.0,0.0,1.0,0.25,0.75,1.0,0.0,0.0,0.25,0.5,0.0,0.0,0.0,0.0,0.0,0.0,0.0,0.0,0.0,0.0,1.0,0.0,0.0,0.0
Antigua & Deps,0.0,0.0,0.0,0.0,0.0,0.0,0.0,0.0,1.0,0.0,0.0,0.0,0.0,0.0,0.0,0.0,0.0,1.0,1.0,0.25,0.0,0.5,0.0,0.25,0.0,0.75,1.0,0.0,0.0,1.0,0.0,0.0,1.0,0.25,0.75,0.0,1.0,0.0,0.0,0.0,0.0,0.0,1.0,0.0,0.75,0.0,0.0,1.0,0.0,0.0,0.0,0.0,0.0,0.0,0.0,0.0,0.25,0.75,0.0,0.0,0.5,0.0,1.0,0.0,0.5,1.0,0.0,0.0,0.0,0.0,0.0,0.0,0.5,1.0,0.0,0.0,0.0,1.0,0.0,0.0,0.0,0.0,0.0,0.0,1.0,0.0,0.0,0.0,0.0,0.0,0.5,0.5,0.0,0.0,0.5,0.5,0.5,1.0,0.0,0.0,0.0,0.5,0.0,0.0,0.0,0.0,0.0,0.0,0.0,0.0,0.0,0.0,1.0,0.0,0.0,0.0
Austria,0.0,0.0,1.0,0.0,0.0,0.0,0.0,0.0,0.0,0.0,0.0,0.75,1.0,0.0,0.25,0.0,1.0,0.0,0.0,1.0,0.0,0.0,0.0,1.0,0.0,0.25,0.0,0.0,0.0,0.0,0.0,0.0,0.0,0.5,0.25,0.0,0.0,1.0,0.25,0.0,0.25,0.0,0.0,1.0,1.0,0.0,1.0,0.0,0.0,0.0,0.0,1.0,1.0,0.0,0.0,0.0,1.0,0.0,0.0,0.75,0.5,0.75,1.0,0.5,0.25,0.0,0.0,0.0,0.0,0.0,0.0,0.0,0.75,1.0,0.0,0.0,0.0,1.0,0.0,0.0,0.0,0.5,0.0,0.0,0.0,0.0,0.0,0.0,1.0,0.5,1.0,0.5,1.0,0.0,1.0,1.0,0.5,1.0,0.0,0.0,1.0,1.0,1.0,0.0,0.0,0.0,0.0,0.0,0.0,0.0,1.0,1.0,0.0,0.0,0.0,0.0
Bahamas,0.0,0.0,0.0,1.0,0.0,0.0,0.0,0.0,1.0,0.0,0.0,0.0,0.0,0.0,0.0,0.0,0.0,1.0,1.0,0.0,0.0,0.0,0.0,0.0,0.0,1.0,1.0,0.0,0.0,1.0,0.0,0.0,1.0,0.25,0.75,0.0,1.0,0.0,0.0,0.0,0.0,0.0,1.0,0.0,1.0,0.0,0.0,1.0,0.0,0.0,0.0,0.0,0.0,0.0,0.0,0.0,0.5,0.5,0.0,0.25,0.25,0.0,1.0,0.5,0.25,1.0,0.0,0.0,0.0,0.0,0.0,0.0,0.5,1.0,0.0,0.0,0.0,1.0,0.0,0.0,0.0,0.0,0.0,0.0,1.0,0.0,0.0,0.0,0.0,0.0,0.5,0.5,0.0,0.0,0.5,0.25,0.5,1.0,0.0,0.0,0.25,0.5,0.0,0.0,0.0,0.0,0.0,0.0,0.0,0.0,0.5,0.0,1.0,0.0,0.0,0.0
Belarus,0.0,0.0,1.0,0.0,0.0,0.0,0.0,0.0,0.0,0.0,0.0,1.0,0.0,0.0,0.0,0.0,0.0,0.0,0.0,0.0,0.0,0.0,0.0,1.0,0.0,0.75,0.0,0.0,0.0,0.0,0.0,0.0,0.0,0.5,0.25,0.0,0.0,1.0,0.0,0.0,0.0,0.0,0.0,1.0,0.25,1.0,0.0,0.0,0.0,0.0,1.0,0.0,0.0,0.0,0.0,0.0,0.25,0.75,0.0,0.25,0.5,0.75,0.25,0.0,0.5,0.0,0.0,0.0,0.0,0.0,0.0,1.0,0.5,0.0,0.0,1.0,0.0,0.75,0.0,0.0,0.0,0.25,0.0,0.0,0.0,1.0,0.0,1.0,0.5,0.0,0.25,0.25,0.0,0.0,0.25,0.25,0.0,0.25,0.0,0.0,0.5,0.5,1.0,0.0,0.0,1.0,0.5,0.0,0.0,0.0,0.5,0.0,0.0,0.0,0.0,0.0
Bahrain,0.0,1.0,0.0,0.0,0.0,0.0,0.0,1.0,0.0,0.0,0.0,0.0,0.0,0.0,0.0,0.0,0.0,1.0,1.0,0.0,1.0,0.0,0.0,0.0,0.0,1.0,1.0,0.0,0.0,0.0,1.0,0.0,1.0,0.75,0.25,0.0,0.0,0.0,0.0,1.0,0.0,0.0,1.0,0.0,0.5,0.5,0.0,1.0,0.0,0.0,0.0,0.0,0.0,1.0,0.0,0.0,0.75,0.25,1.0,0.5,0.0,0.5,0.75,1.0,1.0,0.25,0.0,0.0,1.0,0.0,0.0,0.0,0.5,0.0,1.0,0.0,0.0,0.0,1.0,0.0,0.0,0.25,1.0,0.0,1.0,0.0,0.0,0.0,1.0,0.0,0.5,0.5,0.0,0.0,0.0,0.5,0.0,0.75,0.0,0.0,0.5,0.75,0.0,0.0,0.0,0.0,0.25,1.0,0.0,0.0,0.5,0.0,0.75,0.0,0.0,0.0
Australia,0.0,0.0,0.0,0.0,0.0,1.0,0.0,0.0,0.0,0.0,0.0,0.0,0.0,0.0,0.0,0.0,0.0,1.0,1.0,0.75,1.0,0.25,0.0,0.5,0.25,0.75,1.0,0.0,1.0,0.0,1.0,1.0,0.0,0.75,0.25,0.5,0.25,0.75,0.0,1.0,0.5,0.0,1.0,0.0,1.0,0.0,1.0,1.0,0.0,0.0,0.0,0.0,0.0,0.0,0.0,0.0,1.0,0.0,0.5,1.0,0.75,0.5,1.0,0.75,0.75,1.0,0.0,0.0,0.0,0.0,0.0,0.0,0.5,1.0,0.0,0.0,0.0,1.0,0.0,0.0,0.0,0.5,0.0,0.0,1.0,0.0,0.0,0.0,0.25,0.5,0.5,1.0,1.0,0.0,1.0,0.5,1.0,1.0,0.0,1.0,0.75,1.0,0.0,0.0,0.0,0.0,0.0,0.0,0.0,0.0,1.0,0.0,1.0,0.0,1.0,0.0
Angola,1.0,0.0,0.0,0.0,0.0,0.0,0.0,0.0,0.0,0.0,0.0,0.0,0.0,0.0,0.0,1.0,0.0,0.0,1.0,0.75,0.25,1.0,0.0,1.0,0.25,0.5,1.0,0.0,0.0,1.0,0.0,1.0,0.0,0.5,0.25,0.0,1.0,0.0,0.0,0.0,0.0,0.0,0.0,1.0,0.5,0.75,0.0,0.0,0.0,0.0,0.0,0.0,0.0,0.0,1.0,0.0,0.25,1.0,1.0,0.25,0.75,0.25,0.5,0.25,1.0,0.0,0.0,0.0,0.0,0.0,1.0,0.0,0.75,1.0,0.0,0.0,0.0,0.75,0.0,0.0,0.0,0.25,0.0,0.0,1.0,0.0,0.0,0.0,0.5,0.0,0.5,0.5,0.0,0.0,0.5,0.5,0.5,0.5,0.0,0.0,0.25,0.25,1.0,0.0,0.0,0.0,0.5,0.0,0.0,0.0,0.5,0.0,0.0,0.0,0.0,0.75
Afghanistan,0.0,1.0,0.0,0.0,0.0,0.0,0.0,0.75,0.0,0.0,0.0,0.0,0.0,0.0,0.0,0.0,1.0,0.0,0.0,1.0,1.0,0.0,0.0,0.75,0.0,0.25,0.0,0.0,0.0,0.0,0.0,1.0,0.0,0.5,0.5,0.0,0.0,0.25,0.5,0.75,0.0,0.0,0.0,1.0,0.25,0.75,1.0,0.0,0.0,0.0,0.0,0.0,0.0,0.0,0.0,0.0,0.0,1.0,0.25,0.0,0.5,0.0,0.25,0.0,1.0,0.0,0.0,0.0,0.0,0.0,0.0,0.0,1.0,0.0,0.0,0.0,0.0,0.0,1.0,0.0,0.0,0.0,1.0,0.0,1.0,0.0,0.0,0.0,1.0,0.0,0.5,0.25,0.0,0.0,0.25,0.5,0.5,0.25,0.0,0.0,0.0,0.25,1.0,0.0,0.0,0.0,1.0,0.0,0.0,0.0,0.5,0.0,0.0,0.0,0.0,0.0
Albania,0.0,0.0,1.0,0.0,0.0,0.0,0.0,0.0,0.0,0.0,0.0,1.0,0.75,0.0,1.0,0.0,0.0,0.0,1.0,1.0,0.0,0.0,0.0,1.0,0.0,0.25,1.0,1.0,0.0,0.0,0.0,0.0,0.75,0.5,0.25,0.0,0.0,0.75,0.0,0.0,1.0,0.0,0.0,1.0,0.75,0.0,0.0,0.0,0.0,0.0,0.25,0.5,1.0,0.0,0.0,0.0,0.25,0.75,0.0,0.25,0.5,0.25,0.75,0.0,0.5,0.0,0.0,0.0,0.0,0.0,0.0,0.0,0.5,1.0,0.0,0.0,0.0,0.5,0.5,0.0,0.0,0.5,0.0,0.0,0.75,0.0,1.0,0.0,1.0,0.0,0.5,0.25,0.0,0.0,0.5,0.5,0.5,0.5,0.0,0.0,0.25,0.5,0.75,0.0,0.0,0.0,0.0,0.0,0.0,0.0,0.5,0.5,0.0,0.0,0.0,0.0
Armenia,0.0,1.0,0.75,0.0,0.0,0.0,0.0,0.75,0.0,0.0,0.0,0.75,0.0,0.0,0.25,0.0,1.0,0.0,0.0,1.0,0.0,0.0,0.0,0.75,0.25,0.0,0.0,0.0,0.0,0.0,0.0,0.0,0.75,0.5,0.5,0.0,0.0,0.75,0.25,0.0,0.25,0.0,0.0,1.0,0.75,0.25,0.0,0.0,0.0,0.0,0.0,0.0,0.0,0.0,0.0,0.0,0.25,0.75,0.0,0.25,0.5,0.25,0.5,0.0,0.5,0.0,0.0,0.0,0.0,0.0,0.0,0.5,0.5,0.0,0.0,0.0,0.0,1.0,0.0,0.0,0.0,0.25,0.0,0.0,0.0,1.0,0.5,1.0,1.0,0.0,0.5,0.25,0.0,0.0,0.5,0.5,0.25,0.5,0.0,0.0,0.25,0.5,0.75,0.0,0.0,1.0,0.75,0.0,0.0,0.0,0.5,0.0,0.0,0.0,0.0,0.0
Bangladesh,0.0,1.0,0.0,0.0,0.0,0.0,0.0,0.0,0.0,0.0,1.0,0.0,0.0,0.0,0.0,0.0,0.0,0.0,1.0,0.25,0.0,0.75,0.0,1.0,0.0,0.75,1.0,0.0,0.0,0.0,1.0,0.0,0.0,1.0,0.0,1.0,1.0,0.0,0.0,0.0,0.0,1.0,0.0,1.0,0.75,0.25,0.0,1.0,0.0,0.0,0.0,0.0,0.0,0.0,0.0,0.0,0.0,1.0,0.0,0.25,0.75,0.75,0.5,0.25,0.5,0.25,0.0,0.0,0.0,0.0,0.0,0.0,0.75,0.0,0.0,0.0,0.0,0.0,1.0,0.0,0.0,0.25,1.0,0.0,1.0,0.0,0.0,0.0,1.0,0.0,1.0,0.5,0.0,0.0,0.75,0.5,0.5,0.5,0.0,0.0,0.25,0.5,0.0,0.0,1.0,0.0,0.25,0.0,0.0,0.0,0.0,0.0,0.0,0.0,0.0,0.0
Algeria,1.0,0.0,0.0,0.0,0.0,0.0,0.0,0.0,0.0,0.0,0.0,0.0,0.0,0.0,1.0,0.0,0.0,0.0,1.0,1.0,1.0,0.0,0.0,0.75,0.0,0.25,0.0,1.0,0.0,0.0,0.0,1.0,0.0,0.5,0.5,0.0,0.0,0.0,0.0,1.0,0.75,0.0,0.0,1.0,0.5,0.75,0.0,0.0,1.0,0.0,0.0,0.0,0.0,1.0,1.0,0.0,0.25,1.0,1.0,0.25,0.5,0.25,0.25,0.0,1.0,0.0,0.0,1.0,1.0,0.0,0.0,0.0,0.75,0.25,1.0,0.0,0.0,0.0,1.0,0.0,0.0,0.25,1.0,0.0,1.0,0.0,0.0,0.0,1.0,0.0,0.5,0.25,0.0,0.0,0.75,0.5,0.5,0.25,0.0,0.0,0.25,0.25,1.0,0.0,0.0,0.0,0.5,0.0,0.0,0.0,0.5,0.0,0.0,0.0,0.0,0.0
Benin,1.0,0.0,0.0,0.0,0.0,0.0,0.0,0.0,0.0,0.0,0.0,0.0,0.0,0.0,0.0,1.0,0.0,0.0,1.0,0.0,0.0,0.5,0.0,1.0,0.0,0.75,1.0,0.0,0.0,1.0,0.0,0.0,0.75,0.5,0.25,0.0,1.0,0.0,0.0,0.0,0.0,0.0,0.0,1.0,0.75,0.25,0.0,0.0,1.0,0.0,0.0,0.0,0.0,0.0,1.0,0.0,0.0,1.0,0.0,0.0,0.75,0.0,0.5,0.0,0.75,0.0,0.0,1.0,0.0,0.0,0.0,0.0,0.75,1.0,0.0,0.0,0.0,0.5,0.25,0.0,0.0,0.25,0.0,0.0,1.0,0.0,0.0,0.0,1.0,0.0,0.5,0.25,0.0,0.0,0.5,0.25,0.25,0.5,0.0,0.0,0.25,0.25,1.0,0.0,0.0,0.0,0.25,0.0,0.0,0.0,0.0,0.0,0.0,0.0,0.0,0.0
Bosnia Herzegovina,0.0,0.0,1.0,0.0,0.0,0.0,0.0,0.0,0.0,0.0,0.0,0.75,0.25,0.0,0.75,0.0,0.0,0.0,0.0,1.0,0.0,0.0,0.0,0.75,0.0,0.25,0.0,0.5,0.0,0.0,0.0,0.0,0.0,0.5,0.25,0.0,0.0,1.0,0.0,0.0,0.5,0.0,0.0,1.0,0.75,0.0,1.0,0.0,0.0,0.0,0.0,0.0,0.75,0.0,0.0,0.0,0.25,0.75,0.0,0.25,0.5,0.25,0.5,0.0,0.5,0.0,0.0,0.0,0.0,0.0,0.0,0.25,0.75,0.5,0.0,0.0,0.0,0.5,0.5,0.0,0.0,0.5,0.0,0.0,0.0,0.0,1.0,1.0,0.75,0.0,0.5,0.25,0.0,0.0,0.5,0.5,0.25,0.5,0.0,0.0,0.25,0.5,1.0,0.0,0.0,0.0,0.25,0.0,0.0,0.0,0.75,0.5,0.0,0.0,0.0,0.0
Bhutan,0.0,1.0,0.0,0.0,0.0,0.0,0.0,0.0,0.0,0.0,1.0,0.0,0.0,0.0,0.0,0.0,1.0,0.0,0.0,1.0,0.0,0.0,0.0,1.0,0.0,0.0,0.0,0.0,0.0,0.0,0.0,0.0,1.0,0.25,0.75,0.0,0.0,0.5,0.25,0.0,0.0,1.0,1.0,0.0,0.5,0.0,0.0,0.0,0.0,0.0,0.0,0.0,0.0,0.0,0.0,0.0,0.25,1.0,0.0,0.25,0.5,0.0,0.75,0.0,0.75,0.0,0.0,0.0,0.0,0.0,0.0,0.0,1.0,0.0,0.0,0.0,0.0,0.0,0.0,0.0,1.0,0.25,1.0,0.0,0.0,0.0,0.0,0.0,1.0,0.0,0.5,0.25,0.0,0.0,1.0,0.5,0.75,0.75,0.0,0.0,0.25,0.5,0.0,0.0,1.0,0.0,0.0,0.0,0.0,0.0,0.0,0.0,0.0,0.0,0.0,0.0
Brunei,0.0,1.0,0.0,0.0,0.0,0.0,0.0,0.0,0.0,0.0,1.0,0.0,0.0,0.0,0.0,0.0,0.0,1.0,1.0,0.25,0.0,1.0,0.0,0.5,0.0,0.75,1.0,0.0,1.0,0.0,0.0,0.0,1.0,0.25,0.75,0.0,1.0,0.0,0.0,0.0,0.0,0.75,1.0,0.0,0.25,0.75,0.0,1.0,0.0,0.0,0.0,0.0,0.0,0.0,0.0,0.0,0.75,0.25,1.0,0.25,0.25,0.0,0.5,0.0,1.0,0.25,0.0,0.0,0.0,0.0,0.0,0.0,0.5,0.5,0.0,0.0,0.0,0.0,1.0,0.0,0.0,0.0,1.0,0.0,1.0,0.0,0.0,0.0,0.75,0.0,0.5,0.25,0.0,0.0,0.5,0.25,0.5,0.5,0.0,0.0,0.25,0.5,0.0,0.0,0.0,0.0,0.0,0.0,0.0,0.0,0.5,0.0,1.0,0.0,0.0,0.0
Burkina,1.0,0.0,0.0,0.0,0.0,0.0,0.0,0.0,0.0,0.0,0.0,0.0,0.0,0.0,0.0,1.0,1.0,0.0,0.0,0.25,0.5,0.25,0.0,0.75,0.0,0.75,0.0,0.0,0.0,0.0,0.0,0.25,0.0,0.5,0.25,0.0,0.75,0.0,0.0,0.5,0.0,0.0,0.0,1.0,0.5,0.25,0.0,0.0,1.0,0.0,0.0,0.0,0.0,0.0,1.0,0.0,0.0,1.0,0.0,0.0,0.75,0.0,0.25,0.0,0.75,0.0,0.0,1.0,0.0,0.0,0.0,0.0,0.75,1.0,0.0,0.0,0.0,0.25,0.5,0.0,0.0,0.25,0.0,0.0,1.0,0.0,0.0,0.0,0.5,0.0,0.25,0.25,0.0,0.0,0.25,0.25,0.25,0.25,0.0,0.0,0.25,0.25,1.0,0.0,0.0,0.0,0.5,0.0,0.0,0.0,0.0,0.0,0.0,0.0,0.0,0.0
China,0.0,1.0,0.0,0.0,0.0,0.0,0.0,0.0,0.0,0.0,1.0,0.0,0.0,0.0,0.0,0.0,0.0,0.0,1.0,1.0,1.0,0.5,0.0,1.0,0.25,0.25,1.0,0.0,1.0,0.0,0.0,1.0,0.0,1.0,0.0,1.0,0.5,0.75,0.25,0.5,0.0,0.5,0.0,1.0,0.0,1.0,0.0,0.0,0.0,0.0,1.0,0.0,0.0,0.0,0.0,1.0,0.75,0.25,0.75,1.0,0.75,1.0,0.75,0.75,0.5,0.0,0.0,0.0,0.0,1.0,0.0,0.0,0.75,0.0,0.0,0.0,1.0,0.0,0.0,0.0,0.25,0.5,0.0,0.75,0.0,0.0,0.0,0.0,1.0,1.0,1.0,0.5,1.0,0.0,1.0,0.75,0.75,0.75,1.0,1.0,0.75,0.75,1.0,0.0,0.0,1.0,0.0,0.0,0.0,0.0,0.5,0.0,0.0,0.0,1.0,1.0
Bulgaria,0.0,0.0,1.0,0.0,0.0,0.0,0.0,0.0,0.0,0.0,0.0,1.0,0.0,0.0,1.0,0.0,0.0,0.0,1.0,1.0,0.0,0.0,0.0,1.0,0.0,0.25,0.0,1.0,0.0,0.0,0.0,0.0,0.0,0.5,0.25,0.0,0.0,1.0,0.0,0.0,0.75,0.0,0.0,1.0,1.0,0.0,0.0,0.0,0.0,0.0,0.25,1.0,1.0,0.0,0.0,0.0,0.5,0.5,0.0,0.5,0.5,0.5,0.75,0.25,0.5,0.0,0.0,0.0,0.0,0.0,0.0,0.5,0.5,0.0,0.0,1.0,0.0,1.0,0.0,0.0,0.0,0.5,0.0,0.0,0.0,0.25,1.0,0.0,1.0,0.0,0.75,0.5,0.0,0.0,0.75,0.5,0.5,0.5,0.0,0.0,0.5,0.5,1.0,0.0,0.0,0.25,0.0,0.0,0.0,0.0,0.5,0.0,0.0,0.0,0.0,0.0
Bolivia,0.0,0.0,0.0,0.0,1.0,0.0,0.0,0.0,0.0,0.0,0.0,0.0,0.0,0.0,0.0,0.0,1.0,0.0,0.0,1.0,0.25,0.5,0.0,1.0,0.25,0.25,0.0,0.0,0.0,0.0,0.0,0.75,0.0,0.5,0.25,0.0,0.5,0.5,0.0,0.25,0.0,0.0,0.0,1.0,0.75,0.0,1.0,0.0,0.0,1.0,0.5,0.0,0.0,0.0,0.0,0.0,0.25,1.0,0.25,0.25,0.75,0.25,0.5,0.0,0.75,0.0,1.0,0.0,0.0,0.0,0.0,0.0,0.75,1.0,0.0,0.0,0.0,0.75,0.0,0.0,0.0,0.25,0.0,0.0,1.0,0.0,0.0,0.0,1.0,0.0,0.5,0.25,0.0,0.0,0.75,0.5,0.75,0.5,0.0,0.0,0.25,0.25,1.0,0.0,0.0,0.0,0.0,0.0,0.0,0.0,0.0,0.0,1.0,0.0,0.0,0.0
Canada,0.0,0.0,0.0,1.0,0.0,0.0,0.0,0.0,0.0,0.0,0.0,0.0,0.0,0.0,0.0,0.0,0.0,0.0,1.0,1.0,0.0,0.0,1.0,1.0,0.0,0.25,1.0,0.0,1.0,1.0,0.0,1.0,0.0,0.5,0.75,0.5,0.0,0.75,1.0,0.0,0.0,0.0,1.0,0.0,1.0,0.0,1.0,1.0,0.5,0.0,0.0,0.0,1.0,0.0,0.0,1.0,1.0,0.0,0.75,1.0,0.75,0.75,0.75,0.75,0.75,0.75,0.0,0.25,0.0,0.0,0.0,0.0,0.75,1.0,0.0,0.0,0.0,0.75,0.0,0.0,0.0,0.5,0.0,0.0,1.0,0.0,0.0,0.0,0.0,0.5,0.5,0.5,1.0,0.0,1.0,0.5,1.0,0.75,0.0,1.0,0.75,1.0,0.0,1.0,0.0,0.0,0.0,0.0,0.0,0.0,1.0,0.0,1.0,1.0,1.0,0.0
Cameroon,1.0,0.0,0.0,0.0,0.0,0.0,0.0,0.0,0.0,0.0,0.0,0.0,0.0,0.0,0.0,1.0,0.0,0.0,1.0,1.0,0.0,1.0,0.0,1.0,0.25,0.25,1.0,0.0,0.0,1.0,0.0,0.5,0.0,0.75,0.25,0.5,1.0,0.0,0.0,0.0,0.0,0.0,0.0,1.0,0.5,0.75,0.0,0.5,1.0,0.0,0.0,0.0,0.0,0.0,1.0,0.0,0.25,1.0,0.5,0.25,0.75,0.25,0.5,0.25,1.0,0.25,0.0,1.0,0.0,0.0,0.0,0.0,1.0,1.0,0.0,0.0,0.0,0.5,0.25,0.0,0.0,0.25,0.0,0.0,1.0,0.0,0.0,0.0,0.5,0.0,0.5,0.5,0.0,0.0,0.5,0.25,0.5,0.5,0.0,0.0,0.25,0.25,1.0,0.0,0.0,0.0,0.75,0.0,0.0,0.0,0.5,0.0,0.0,0.0,0.0,0.0
Cape Verde,1.0,0.0,0.0,0.0,0.0,0.0,0.0,0.0,0.0,0.0,0.0,0.0,0.0,0.0,0.0,1.0,0.0,1.0,1.0,0.5,0.0,0.0,0.0,0.0,0.25,0.5,1.0,0.0,0.0,1.0,0.0,0.0,1.0,0.25,0.75,0.0,0.75,0.0,0.0,0.0,0.0,0.0,0.0,1.0,0.75,0.0,0.0,0.0,1.0,0.0,0.0,0.0,0.0,0.0,1.0,0.0,0.25,1.0,0.0,0.25,0.5,0.0,0.75,0.0,0.5,0.0,0.0,1.0,0.0,0.0,1.0,0.0,0.75,1.0,0.0,0.0,0.0,1.0,0.0,0.0,0.0,0.0,0.0,0.0,1.0,0.0,0.0,0.0,0.25,0.0,0.5,0.5,0.0,0.0,0.5,0.5,0.5,0.75,0.0,0.0,0.25,0.5,0.0,0.0,0.0,0.0,0.0,0.0,0.0,0.0,0.75,0.0,0.0,0.0,0.0,0.0
Botswana,1.0,0.0,0.0,0.0,0.0,0.0,0.0,0.0,0.0,0.0,0.0,0.0,0.0,0.0,0.0,1.0,1.0,0.0,0.0,0.25,1.0,0.0,0.0,0.75,0.0,0.75,0.0,0.0,0.0,0.0,0.0,0.5,0.0,0.25,0.75,0.0,0.0,0.0,0.0,1.0,0.0,0.0,0.0,1.0,1.0,0.0,0.0,1.0,0.0,0.0,0.0,0.0,0.0,0.0,1.0,0.0,0.25,1.0,0.0,0.25,0.5,0.25,0.5,0.25,1.0,1.0,0.0,0.0,0.0,0.0,0.0,0.0,0.75,1.0,0.0,0.0,0.0,0.5,0.0,0.0,0.0,0.5,0.0,0.0,1.0,0.0,0.0,0.0,0.5,0.0,0.25,0.25,0.0,0.0,0.5,0.25,0.5,0.5,0.0,0.0,0.25,0.5,0.5,0.0,0.0,0.0,0.0,0.0,0.0,0.0,0.5,0.0,0.75,0.0,0.0,0.0
Burundi,1.0,0.0,0.0,0.0,0.0,0.0,0.0,0.0,0.0,0.0,0.0,0.0,0.0,0.0,0.0,1.0,1.0,0.0,0.0,1.0,0.0,0.5,0.0,1.0,0.0,0.25,0.0,0.0,0.0,0.0,0.0,0.0,1.0,0.5,0.25,0.0,0.75,0.25,0.0,0.0,0.0,0.0,0.0,1.0,0.5,0.5,0.0,0.0,1.0,0.0,0.0,0.0,0.0,0.0,1.0,0.0,0.0,1.0,0.0,0.0,0.5,0.0,0.25,0.0,1.0,0.0,0.0,1.0,0.0,0.0,0.0,0.0,0.75,1.0,0.0,0.0,0.0,0.75,0.25,0.0,0.0,0.25,0.0,0.0,1.0,0.0,0.0,0.0,0.5,0.0,0.25,0.25,0.0,0.0,0.0,0.25,0.25,0.25,0.0,0.0,0.0,0.25,1.0,0.0,0.0,0.0,0.75,0.0,0.0,0.0,0.0,0.0,0.0,0.0,0.0,0.0
Colombia,0.0,0.0,0.0,0.0,1.0,0.0,0.0,0.0,0.25,0.25,0.0,0.0,0.0,0.0,0.0,0.0,0.0,0.0,1.0,1.0,0.0,1.0,0.0,1.0,0.75,0.25,1.0,0.0,1.0,1.0,0.0,1.0,0.0,0.75,0.25,0.75,1.0,0.0,0.0,0.0,0.0,0.0,0.0,1.0,0.75,0.25,1.0,0.0,0.0,1.0,0.0,0.0,0.0,0.0,0.0,0.0,0.25,0.75,0.5,0.5,0.75,0.5,0.75,0.5,0.75,0.0,1.0,0.0,0.0,0.0,0.0,0.0,0.5,1.0,0.0,0.0,0.0,1.0,0.0,0.0,0.0,0.25,0.0,0.0,1.0,0.0,0.0,0.0,1.0,0.25,0.75,0.5,0.0,0.0,1.0,0.5,0.75,0.75,0.0,0.0,0.5,0.5,1.0,0.0,0.0,0.0,0.5,0.0,0.0,0.0,0.75,0.0,0.0,0.0,0.5,0.0
Cambodia,0.0,1.0,0.0,0.0,0.0,0.0,0.0,0.0,0.0,0.0,1.0,0.0,0.0,0.0,0.0,0.0,0.0,0.0,1.0,0.75,0.0,1.0,0.0,1.0,0.0,0.5,1.0,0.0,1.0,0.0,0.0,0.0,0.25,0.75,0.25,0.5,1.0,0.0,0.0,0.0,0.0,0.75,0.0,1.0,0.5,0.5,0.0,0.0,1.0,0.0,0.0,0.0,0.0,0.0,0.0,0.0,0.25,1.0,0.0,0.25,0.75,0.5,1.0,0.25,0.75,0.25,0.0,0.0,0.0,0.0,0.0,0.0,0.75,0.0,0.0,0.0,0.0,0.0,0.0,0.0,1.0,0.5,0.0,0.0,1.0,0.0,0.0,0.0,1.0,0.0,1.0,0.5,0.0,0.0,1.0,1.0,0.75,1.0,0.0,0.0,0.25,0.5,0.5,0.0,1.0,0.0,0.5,0.0,0.0,0.0,0.5,0.0,0.5,0.0,0.0,0.0
Brazil,0.0,0.0,0.0,0.0,1.0,0.0,0.0,0.0,0.0,0.0,0.0,0.0,0.0,0.0,0.0,0.0,0.0,0.0,1.0,0.75,0.0,1.0,0.0,1.0,0.0,0.25,1.0,0.0,0.0,1.0,0.0,1.0,0.0,1.0,0.0,1.0,1.0,0.0,0.0,0.0,0.0,0.0,0.0,1.0,1.0,0.0,1.0,0.0,0.0,0.75,0.0,0.0,0.0,0.0,0.0,0.0,0.25,1.0,0.75,0.5,1.0,0.5,1.0,0.5,1.0,0.0,0.0,0.0,0.0,0.0,1.0,0.0,0.75,1.0,0.0,0.0,0.0,1.0,0.0,0.0,0.0,0.25,0.0,0.0,1.0,0.0,0.0,0.0,0.75,0.5,1.0,1.0,1.0,1.0,1.0,0.75,1.0,1.0,0.0,0.5,0.5,0.5,1.0,0.0,0.0,0.0,0.0,0.0,0.0,0.0,1.0,0.0,0.0,0.0,1.0,1.0
Chile,0.0,0.0,0.0,0.0,1.0,0.0,0.0,0.0,0.0,0.0,0.0,0.0,0.0,0.0,0.0,0.0,0.0,0.0,1.0,1.0,1.0,0.0,0.0,1.0,1.0,0.25,1.0,0.0,1.0,0.0,0.0,0.75,0.0,0.5,0.5,0.0,0.0,1.0,0.0,1.0,1.0,0.0,0.0,1.0,1.0,0.0,0.0,0.0,0.0,1.0,0.0,0.0,0.0,0.0,0.0,0.0,0.5,0.5,0.0,0.5,1.0,0.5,0.75,0.25,0.75,0.0,1.0,0.0,0.0,0.0,0.0,0.0,0.5,1.0,0.0,0.0,0.0,1.0,0.0,0.0,0.0,0.25,0.0,0.0,1.0,0.0,0.0,0.0,1.0,0.25,0.5,0.5,0.0,0.0,1.0,0.5,0.75,0.75,0.0,0.0,0.5,0.75,0.25,0.0,0.0,0.0,0.0,0.0,0.0,0.0,0.5,0.0,0.0,0.0,0.5,0.0
Chad,1.0,0.0,0.0,0.0,0.0,0.0,0.0,0.0,0.0,0.0,0.0,0.0,0.0,0.0,0.0,1.0,1.0,0.0,0.0,0.25,1.0,0.0,0.0,0.75,0.0,0.5,0.0,0.0,0.0,0.0,0.0,1.0,0.0,0.25,0.75,0.0,0.5,0.0,0.0,1.0,0.0,0.0,0.0,1.0,0.25,0.75,0.0,0.0,1.0,0.0,0.0,0.0,0.0,1.0,1.0,0.0,0.0,1.0,0.5,0.0,0.75,0.0,0.0,0.0,1.0,0.0,0.0,1.0,0.5,0.0,0.0,0.0,0.75,0.5,0.0,0.0,0.0,0.25,0.75,0.0,0.0,0.0,0.0,0.0,1.0,0.0,0.0,0.0,0.5,0.0,0.0,0.0,0.0,0.0,0.0,0.0,0.0,0.0,0.0,0.0,0.0,0.25,1.0,0.0,0.0,0.0,0.75,0.0,0.0,0.0,0.0,0.0,0.0,0.0,0.0,0.0
Central African Rep,1.0,0.0,0.0,0.0,0.0,0.0,0.0,0.0,0.0,0.0,0.0,0.0,0.0,0.0,0.0,1.0,1.0,0.0,0.0,0.5,0.0,1.0,0.0,1.0,0.0,0.5,0.0,0.0,0.0,0.0,0.0,0.5,0.0,0.25,0.75,0.0,1.0,0.0,0.0,0.0,0.0,0.0,0.0,1.0,0.5,0.5,0.0,0.0,1.0,0.0,0.0,0.0,0.0,0.0,1.0,0.0,0.0,1.0,0.0,0.0,0.5,0.0,0.25,0.0,1.0,0.0,0.0,1.0,0.0,0.0,0.0,0.0,0.75,0.75,0.0,0.0,0.0,0.5,0.0,0.0,0.0,0.25,0.0,0.0,1.0,0.0,0.0,0.0,0.5,0.0,0.25,0.25,0.0,0.0,0.5,0.25,0.5,0.25,0.0,0.0,0.0,0.25,1.0,0.0,0.0,0.0,0.75,0.0,0.0,0.0,0.0,0.0,0.0,0.0,0.0,0.0
Comoros,1.0,0.0,0.0,0.0,0.0,0.0,0.0,0.0,0.0,0.0,0.0,0.0,0.0,0.0,0.0,1.0,0.0,1.0,1.0,0.75,0.0,0.5,0.0,0.25,0.75,0.25,1.0,0.0,0.0,0.0,1.0,0.0,1.0,0.25,0.75,0.0,1.0,0.0,0.0,0.0,0.0,0.0,1.0,0.0,0.25,0.75,0.0,0.0,1.0,0.0,0.0,0.0,0.0,1.0,1.0,0.0,0.0,1.0,0.0,0.0,0.5,0.0,0.5,0.0,0.75,0.0,0.0,1.0,0.0,0.0,0.0,0.0,0.75,0.25,0.0,0.0,0.0,0.0,1.0,0.0,0.0,0.0,1.0,0.0,1.0,0.0,0.0,0.0,0.5,0.0,0.5,0.25,0.0,0.0,0.5,0.25,0.5,0.5,0.0,0.0,0.0,0.25,0.0,0.0,0.0,0.0,0.5,0.0,0.0,0.0,0.0,0.0,0.0,0.0,0.0,0.0
Congo {Democratic Rep},1.0,0.0,0.0,0.0,0.0,0.0,0.0,0.0,0.0,0.0,0.0,0.0,0.0,0.0,0.0,1.0,0.0,0.0,0.0,0.5,0.0,1.0,0.0,1.0,0.25,0.5,0.0,0.0,0.0,1.0,0.0,1.0,0.0,0.75,0.25,0.5,1.0,0.0,0.0,0.0,0.0,0.0,0.0,1.0,0.5,0.5,1.0,0.0,1.0,0.0,0.0,0.0,0.0,0.0,1.0,0.0,0.0,1.0,0.5,0.25,0.75,0.25,0.25,0.0,1.0,0.0,0.0,1.0,0.0,0.0,0.0,0.0,0.75,0.75,0.0,0.0,0.0,0.5,0.0,0.0,0.0,0.25,0.0,0.0,1.0,0.0,0.0,0.0,0.5,0.0,0.25,0.25,0.0,0.0,0.5,0.25,0.5,0.25,0.0,0.0,0.25,0.25,1.0,0.0,0.0,0.0,0.75,0.0,0.0,0.0,0.5,0.0,0.0,0.0,0.0,0.0
Cuba,0.0,0.0,0.0,1.0,0.0,0.0,0.0,0.0,1.0,0.0,0.0,0.0,0.0,0.0,0.0,0.0,0.0,1.0,1.0,0.5,0.0,0.5,0.0,0.5,0.0,0.5,1.0,0.0,0.0,1.0,0.0,0.0,0.75,0.5,0.25,0.0,1.0,0.0,0.0,0.0,0.0,0.0,0.0,1.0,0.25,1.0,0.0,0.0,0.0,1.0,1.0,0.0,0.0,0.0,0.0,0.0,0.25,1.0,0.0,0.25,0.5,0.25,1.0,0.0,0.5,0.0,1.0,0.0,0.0,0.0,0.0,0.0,0.5,1.0,0.0,0.0,0.0,0.75,0.0,0.0,0.0,0.25,0.0,0.0,1.0,0.0,0.0,0.0,1.0,0.0,0.75,0.5,0.0,0.0,1.0,0.5,0.5,1.0,0.0,0.0,0.25,0.25,0.0,0.0,0.0,0.0,0.0,0.0,0.0,0.0,0.0,0.0,0.5,0.0,0.0,0.0
Denmark,0.0,0.0,1.0,0.0,0.0,0.0,0.0,0.0,0.0,0.0,0.0,0.0,1.0,1.0,0.0,0.0,0.0,0.0,1.0,0.0,0.0,0.0,0.0,0.75,0.0,1.0,1.0,0.0,0.0,1.0,0.0,0.0,1.0,0.75,0.25,0.0,0.0,1.0,0.0,0.0,0.0,0.0,1.0,0.0,1.0,0.0,0.0,0.0,0.0,0.0,0.0,1.0,1.0,0.0,0.0,0.0,1.0,0.0,0.0,1.0,0.75,0.75,0.75,0.5,0.25,0.0,0.0,0.0,0.0,0.0,0.0,0.0,0.75,1.0,0.0,0.0,0.0,1.0,0.0,0.0,0.0,0.5,0.0,0.5,0.0,0.0,0.0,0.0,0.5,0.5,0.75,0.5,0.0,0.0,0.75,0.5,0.25,0.75,0.0,0.0,1.0,1.0,0.0,0.0,0.0,0.0,0.0,0.0,0.0,0.0,1.0,0.0,0.0,0.0,0.0,0.0
Czech Republic,0.0,0.0,1.0,0.0,0.0,0.0,0.0,0.0,0.0,0.0,0.0,1.0,0.75,0.0,0.0,0.0,1.0,0.0,0.0,0.75,0.0,0.0,0.0,0.75,0.0,0.25,0.0,0.0,0.0,0.0,0.0,0.0,0.0,0.75,0.25,0.0,0.0,1.0,0.0,0.0,0.0,0.0,0.0,1.0,1.0,0.0,0.0,0.0,0.0,0.0,0.25,1.0,1.0,0.0,0.0,0.0,0.75,0.0,0.0,0.75,0.25,0.75,0.75,0.5,0.25,0.0,0.0,0.0,0.0,0.0,0.0,0.25,0.5,1.0,0.0,0.0,0.0,1.0,0.0,0.0,0.0,0.5,0.0,0.0,0.0,0.0,0.0,0.0,0.75,0.25,0.75,0.5,0.0,0.0,1.0,0.75,0.25,0.75,0.0,0.0,0.75,0.75,1.0,0.0,0.0,0.0,0.0,0.0,0.0,0.0,1.0,0.0,0.0,0.0,0.0,0.0
Congo,1.0,0.0,0.0,0.0,0.0,0.0,0.0,0.0,0.0,0.0,0.0,0.0,0.0,0.0,0.0,1.0,0.0,0.0,1.0,0.25,0.0,1.0,0.0,1.0,0.25,0.5,1.0,0.0,0.0,1.0,0.0,0.5,0.0,0.5,0.25,0.0,1.0,0.0,0.0,0.0,0.0,0.0,0.0,1.0,0.5,0.5,0.0,0.0,1.0,0.0,0.0,0.0,0.0,0.0,1.0,0.0,0.0,1.0,0.5,0.25,0.5,0.25,0.25,0.0,1.0,0.0,0.0,1.0,0.0,0.0,0.0,0.0,0.75,1.0,0.0,0.0,0.0,0.75,0.0,0.0,0.0,0.25,0.0,0.0,1.0,0.0,0.0,0.0,0.5,0.0,0.25,0.25,0.0,0.0,0.5,0.25,0.5,0.25,0.0,0.0,0.25,0.25,1.0,0.0,0.0,0.0,0.5,0.0,0.0,0.0,0.5,0.0,0.0,0.0,0.0,0.0
Cyprus,0.0,0.25,1.0,0.0,0.0,0.0,0.0,1.0,0.0,0.0,0.0,0.5,0.5,0.0,1.0,0.0,0.0,1.0,1.0,0.5,0.0,0.0,0.0,0.25,0.0,0.5,1.0,1.0,0.0,0.0,0.0,0.0,1.0,0.5,0.25,0.0,0.0,0.5,0.0,0.0,1.0,0.0,0.0,1.0,1.0,0.0,0.0,1.0,0.0,0.0,0.0,1.0,0.0,0.0,0.0,0.0,0.75,0.25,0.0,0.5,0.25,0.25,1.0,0.5,0.25,0.5,0.0,0.0,0.0,0.0,0.0,0.0,0.75,0.5,0.0,0.0,0.0,0.75,0.25,0.0,0.0,0.5,0.0,0.0,1.0,0.0,1.0,0.0,1.0,0.0,0.5,0.25,0.0,0.0,1.0,0.5,0.5,1.0,0.0,0.0,0.5,0.75,0.0,0.0,0.0,0.0,0.75,0.0,0.0,0.0,0.25,1.0,0.0,0.0,0.0,0.0
Croatia,0.0,0.0,1.0,0.0,0.0,0.0,0.0,0.0,0.0,0.0,0.0,1.0,0.75,0.0,1.0,0.0,0.0,0.0,1.0,1.0,0.0,0.0,0.0,1.0,0.0,0.25,0.0,1.0,0.0,0.0,0.0,0.0,0.25,0.5,0.25,0.0,0.0,0.75,0.0,0.0,1.0,0.0,0.0,1.0,1.0,0.0,0.0,0.0,0.0,0.0,0.0,1.0,1.0,0.0,0.0,0.0,0.5,0.5,0.0,0.5,0.5,0.5,1.0,0.25,0.25,0.0,0.0,0.0,0.0,0.0,0.0,0.0,0.5,1.0,0.0,0.0,0.0,1.0,0.0,0.0,0.0,0.5,0.0,0.0,0.0,0.0,0.0,1.0,1.0,0.0,0.75,0.5,0.0,0.0,1.0,0.5,0.5,1.0,0.0,0.0,0.5,0.75,1.0,0.0,0.0,0.0,0.0,0.0,0.0,0.0,1.0,1.0,0.0,0.0,0.0,0.0
Costa Rica,0.0,0.0,0.0,1.0,0.0,0.0,0.0,0.0,0.0,1.0,0.0,0.0,0.0,0.0,0.0,0.0,0.0,0.0,1.0,1.0,0.0,1.0,0.0,1.0,1.0,0.25,1.0,0.0,1.0,1.0,0.0,0.0,0.75,0.5,0.25,0.0,1.0,0.0,0.0,0.0,0.0,0.0,0.0,1.0,1.0,0.0,0.0,0.0,0.0,1.0,0.0,0.0,0.0,0.0,0.0,0.0,0.75,0.25,0.0,0.5,0.75,0.5,1.0,0.25,0.5,0.0,1.0,0.0,0.0,0.0,0.0,0.0,0.5,1.0,0.0,0.0,0.0,1.0,0.0,0.0,0.0,0.25,0.0,0.0,1.0,0.0,0.0,0.0,0.5,0.0,0.5,0.5,0.0,0.0,1.0,0.5,1.0,1.0,0.0,0.0,0.5,0.75,0.0,0.0,0.0,0.0,0.0,0.0,0.0,0.0,1.0,0.0,0.75,0.0,0.0,0.0
Djibouti,1.0,0.0,0.0,0.0,0.0,0.0,0.0,0.75,0.0,0.0,0.0,0.0,0.0,0.0,0.0,1.0,0.0,0.0,1.0,0.25,1.0,0.0,0.0,0.25,0.0,0.5,1.0,0.0,0.0,0.0,1.0,0.0,1.0,0.5,0.5,0.0,0.0,0.0,0.0,1.0,0.0,0.0,0.0,1.0,0.5,0.75,0.0,0.0,1.0,0.0,0.0,0.0,0.0,1.0,1.0,0.0,0.25,1.0,0.0,0.25,0.0,0.0,0.25,0.0,0.5,0.0,0.0,1.0,1.0,0.0,0.0,0.0,1.0,0.5,0.5,0.0,0.0,0.0,1.0,0.0,0.0,0.25,0.0,0.0,1.0,0.0,0.0,0.0,0.5,0.0,0.25,0.0,0.0,0.0,0.0,0.0,0.0,0.25,0.0,0.0,0.25,0.25,0.0,0.0,0.0,0.0,0.5,0.0,0.0,0.0,0.0,0.0,0.0,0.0,0.0,0.0
East Timor,0.0,1.0,0.0,0.0,0.0,1.0,0.0,0.0,0.0,0.0,1.0,0.0,0.0,0.0,0.0,0.0,0.0,1.0,1.0,1.0,0.0,1.0,0.0,0.5,0.75,0.25,1.0,0.0,1.0,0.0,0.75,0.0,1.0,0.25,0.75,0.0,1.0,0.0,0.0,0.0,0.0,0.0,0.0,1.0,0.75,0.0,0.0,0.0,0.0,0.0,0.0,0.0,0.0,0.0,0.0,0.0,0.0,1.0,0.25,0.0,0.5,0.0,0.5,0.0,0.75,0.0,0.0,0.0,0.0,0.0,1.0,0.0,0.75,1.0,0.0,0.0,0.0,0.75,0.0,0.0,0.0,0.25,0.0,0.0,1.0,0.0,0.0,1.0,0.5,0.0,0.5,0.25,0.0,0.0,0.5,0.25,0.5,0.5,0.0,0.0,0.25,0.25,0.0,0.0,0.0,0.0,0.5,0.0,0.0,0.0,0.5,0.0,0.75,0.0,0.0,0.0
Eritrea,1.0,0.0,0.0,0.0,0.0,0.0,0.0,0.0,0.0,0.0,0.0,0.0,0.0,0.0,1.0,1.0,0.0,0.0,1.0,1.0,1.0,0.0,0.0,0.5,0.25,0.25,1.0,1.0,0.0,0.0,1.0,0.0,0.25,0.25,0.75,0.0,0.0,0.0,0.0,1.0,0.5,0.0,0.0,1.0,0.0,1.0,0.0,0.0,0.0,0.0,0.0,0.0,0.0,0.0,1.0,0.0,0.0,1.0,0.0,0.0,0.5,0.0,0.25,0.0,1.0,0.0,0.0,0.0,0.0,0.0,0.0,0.0,1.0,0.0,0.0,0.0,0.0,0.25,0.75,0.0,0.0,0.0,0.0,0.0,1.0,0.0,0.0,1.0,1.0,0.0,0.25,0.0,0.0,0.0,0.5,0.25,0.25,0.25,0.0,0.0,0.0,0.25,0.0,0.0,0.0,0.0,1.0,0.0,0.0,0.0,0.0,0.0,0.0,0.0,0.0,0.0
Dominica,0.0,0.0,0.0,0.0,0.0,0.0,0.0,0.0,1.0,0.0,0.0,0.0,0.0,0.0,0.0,0.0,0.0,1.0,1.0,1.0,0.0,1.0,0.0,0.75,1.0,0.25,1.0,0.0,0.0,1.0,0.0,0.0,1.0,0.25,0.75,0.0,1.0,0.0,0.0,0.0,0.0,0.0,0.0,1.0,1.0,0.0,0.0,1.0,0.0,0.0,0.0,0.0,0.0,0.0,0.0,0.0,0.25,1.0,0.0,0.25,0.5,0.0,0.75,0.0,0.75,1.0,0.0,0.0,0.0,0.0,0.0,0.0,0.5,1.0,0.0,0.0,0.0,1.0,0.0,0.0,0.0,0.0,0.0,0.0,1.0,0.0,0.0,0.0,0.25,0.0,0.5,0.25,0.0,0.0,0.5,0.25,0.75,0.75,0.0,0.0,0.25,0.5,0.0,0.0,0.0,0.0,0.0,0.0,0.0,0.0,0.5,0.0,0.75,0.0,0.0,0.0
Ethiopia,1.0,0.0,0.0,0.0,0.0,0.0,0.0,0.0,0.0,0.0,0.0,0.0,0.0,0.0,0.0,1.0,0.0,0.0,0.0,1.0,0.25,0.5,0.0,1.0,0.75,0.25,0.0,0.0,0.0,0.0,0.0,1.0,0.0,0.75,0.25,0.5,0.5,0.25,0.0,0.25,0.0,0.0,0.0,1.0,0.5,0.5,1.0,0.0,0.0,0.0,0.0,0.0,0.0,0.0,1.0,0.0,0.25,1.0,0.0,0.25,1.0,0.25,0.5,0.25,0.75,0.0,0.0,0.0,0.0,0.0,0.0,0.0,1.0,0.0,0.0,0.0,0.0,0.5,0.5,0.0,0.0,0.25,0.0,1.0,0.0,0.0,0.0,0.0,1.0,0.0,1.0,0.5,0.0,0.0,1.0,0.5,0.5,0.5,0.0,0.0,0.25,0.25,1.0,0.0,0.0,0.0,0.5,0.0,0.0,0.0,0.5,0.0,0.0,0.0,0.0,0.0
Equatorial Guinea,1.0,0.0,0.0,0.0,0.0,0.0,0.0,0.0,0.0,0.0,0.0,0.0,0.0,0.0,0.0,1.0,0.0,0.25,1.0,0.5,0.0,1.0,0.0,0.5,0.5,0.25,1.0,0.0,1.0,0.0,0.0,0.0,1.0,0.25,0.5,0.0,1.0,0.0,0.0,0.0,0.0,0.0,0.0,1.0,0.25,1.0,0.0,0.0,0.0,1.0,0.0,0.0,0.0,0.0,1.0,0.0,0.25,1.0,1.0,0.25,0.5,0.25,0.25,0.0,1.0,0.0,1.0,0.0,0.0,0.0,0.0,0.0,0.5,1.0,0.0,0.0,0.0,0.75,0.0,0.0,0.0,0.25,0.0,0.0,1.0,0.0,0.0,0.0,0.5,0.0,0.25,0.25,0.0,0.0,0.25,0.25,0.5,0.25,0.0,0.0,0.25,0.25,0.0,0.0,0.0,0.0,0.0,0.0,0.0,0.0,0.5,0.0,0.0,0.0,0.0,0.0
Egypt,1.0,0.0,0.0,0.0,0.0,0.0,0.0,1.0,0.0,0.0,0.0,0.0,0.0,0.0,1.0,0.0,0.0,0.0,1.0,0.25,1.0,0.0,0.0,1.0,0.0,0.75,0.0,1.0,0.0,0.0,0.0,0.75,0.0,1.0,0.0,1.0,0.0,0.0,0.0,1.0,0.25,0.0,0.0,1.0,0.5,0.75,0.0,1.0,0.0,0.0,0.0,0.0,0.0,1.0,1.0,0.0,0.25,1.0,0.5,0.25,0.5,0.25,1.0,0.25,0.75,0.0,0.0,0.0,1.0,0.0,0.0,0.0,0.5,0.0,1.0,0.0,0.0,0.25,1.0,0.0,0.0,0.25,1.0,0.0,1.0,0.0,1.0,0.0,1.0,0.5,1.0,0.5,0.0,0.0,1.0,1.0,0.75,1.0,0.0,0.0,0.5,0.5,1.0,0.0,0.0,0.0,0.25,0.0,0.0,0.0,0.5,0.0,0.0,0.0,0.0,0.0
Estonia,0.0,0.0,1.0,0.0,0.0,0.0,0.0,0.0,0.0,0.0,0.0,1.0,0.75,0.5,0.0,0.0,0.0,0.0,1.0,0.0,0.0,0.0,0.25,0.75,0.0,1.0,1.0,0.0,0.0,1.0,0.0,0.0,1.0,0.25,0.75,0.0,0.0,1.0,0.5,0.0,0.0,0.0,0.0,1.0,1.0,0.0,0.0,0.0,0.0,0.0,0.0,1.0,1.0,0.0,0.0,0.0,0.75,0.25,0.0,0.75,0.25,0.5,0.5,0.25,0.25,0.0,0.0,0.0,0.0,0.0,0.0,0.75,0.75,1.0,0.0,0.0,0.0,1.0,0.0,0.0,0.0,0.5,0.0,0.0,1.0,1.0,0.0,1.0,0.5,0.0,0.25,0.25,0.0,0.0,0.5,0.5,0.25,0.5,0.0,0.0,0.5,0.75,0.25,0.0,0.0,1.0,0.0,0.0,0.0,0.0,0.5,1.0,0.0,0.0,0.0,0.0
El Salvador,0.0,0.0,0.0,1.0,0.0,0.0,0.0,0.0,0.0,1.0,0.0,0.0,0.0,0.0,0.0,0.0,0.0,0.0,1.0,1.0,0.0,0.75,0.0,0.75,1.0,0.25,1.0,0.0,1.0,0.0,0.0,0.0,1.0,0.75,0.25,0.0,1.0,0.0,0.0,0.0,0.0,0.0,0.0,1.0,0.75,0.25,0.0,0.0,0.0,1.0,0.0,0.0,0.0,0.0,0.0,0.0,0.25,1.0,0.0,0.25,0.75,0.25,0.5,0.0,0.75,0.0,1.0,0.0,0.0,0.0,0.0,0.0,0.25,1.0,0.0,0.0,0.0,1.0,0.0,0.0,0.0,0.25,0.0,0.0,1.0,0.0,0.0,0.0,0.75,0.0,0.5,0.5,0.0,0.0,0.5,0.5,0.5,0.5,0.0,0.0,0.25,0.5,0.0,0.0,0.0,0.0,0.5,0.0,0.0,0.0,0.0,0.0,1.0,0.0,0.0,0.0
Fiji,0.0,0.0,0.0,0.0,0.0,1.0,0.0,0.0,0.0,0.0,0.0,0.0,0.0,0.0,0.0,0.0,0.0,1.0,1.0,0.75,0.0,1.0,0.0,0.5,0.5,0.25,1.0,0.0,1.0,0.0,0.0,0.0,1.0,0.25,0.75,0.0,1.0,0.0,0.0,0.0,0.0,0.0,0.0,1.0,0.75,0.0,0.0,1.0,0.0,0.0,0.0,0.0,0.0,0.0,0.0,0.0,0.25,0.75,0.0,0.25,0.5,0.25,1.0,0.0,0.75,1.0,0.0,0.0,0.0,0.0,0.0,0.0,0.75,1.0,0.0,0.0,0.0,0.75,0.0,0.0,0.0,0.25,0.0,0.0,1.0,0.0,0.0,0.0,0.5,0.0,0.5,0.5,0.0,0.0,0.5,0.25,0.75,1.0,0.0,0.0,0.25,0.5,0.0,0.0,0.0,0.0,0.0,0.0,0.0,0.0,0.0,0.0,1.0,0.0,0.0,0.0
Georgia,0.0,0.5,0.5,0.0,0.0,0.0,0.0,0.5,0.0,0.0,0.0,1.0,0.0,0.0,0.75,0.0,0.0,0.0,1.0,1.0,0.0,0.0,0.0,1.0,0.0,0.25,1.0,1.0,0.0,0.0,0.0,0.0,0.0,0.5,0.5,0.0,0.0,1.0,0.0,0.0,0.5,0.0,0.0,1.0,0.75,0.25,0.0,0.0,0.0,0.0,0.0,0.0,0.5,0.0,0.0,0.0,0.25,0.75,0.0,0.25,0.5,0.25,0.75,0.25,0.5,0.0,0.0,0.0,0.0,0.0,0.0,0.5,0.75,0.0,0.0,0.0,0.0,1.0,0.0,0.0,0.0,0.25,0.0,0.0,1.0,1.0,0.5,1.0,1.0,0.0,1.0,0.5,0.0,0.0,0.75,0.75,0.5,0.75,0.0,0.0,0.5,0.5,1.0,0.0,0.0,1.0,0.5,0.0,0.0,0.0,0.5,0.0,0.0,0.0,0.0,0.0
Gabon,1.0,0.0,0.0,0.0,0.0,0.0,0.0,0.0,0.0,0.0,0.0,0.0,0.0,0.0,0.0,1.0,0.0,0.0,1.0,0.25,0.0,1.0,0.0,1.0,0.0,0.25,1.0,0.0,0.0,1.0,0.0,0.0,0.0,0.25,0.75,0.0,1.0,0.0,0.0,0.0,0.0,0.0,0.0,1.0,0.5,0.5,0.0,0.0,1.0,0.0,0.0,0.0,0.0,0.0,1.0,0.0,0.0,1.0,1.0,0.25,0.5,0.25,0.25,0.0,1.0,0.0,0.0,1.0,0.0,0.0,0.0,0.0,0.5,1.0,0.0,0.0,0.0,0.5,0.0,0.0,0.0,0.25,0.0,0.0,1.0,0.0,0.0,0.0,0.25,0.0,0.25,0.25,0.0,0.0,0.5,0.25,0.5,0.25,0.0,0.0,0.25,0.25,0.25,0.0,0.0,0.0,0.0,0.0,0.0,0.0,0.0,0.0,0.0,0.0,0.0,0.0
France,0.0,0.0,1.0,0.0,0.0,0.0,0.0,0.0,0.0,0.0,0.0,0.0,1.0,0.0,1.0,0.0,0.0,0.0,1.0,1.0,0.0,0.0,0.0,1.0,0.25,0.25,1.0,1.0,0.0,1.0,0.0,0.75,0.0,1.0,0.0,1.0,0.0,1.0,0.0,0.0,1.0,0.0,0.0,1.0,1.0,0.0,0.0,0.0,1.0,0.0,0.0,1.0,1.0,0.0,0.0,1.0,1.0,0.0,0.25,1.0,1.0,1.0,1.0,1.0,0.25,0.0,0.0,1.0,0.0,0.0,0.0,0.0,0.75,1.0,0.0,0.0,0.0,1.0,0.0,0.0,0.0,0.5,0.0,1.0,0.0,0.0,0.0,0.0,1.0,1.0,1.0,0.75,1.0,1.0,1.0,1.0,0.5,1.0,1.0,1.0,1.0,1.0,1.0,0.0,0.0,0.0,0.0,0.0,0.0,0.0,1.0,1.0,0.0,1.0,1.0,0.0
Gambia,1.0,0.0,0.0,0.0,0.0,0.0,0.0,0.0,0.0,0.0,0.0,0.0,0.0,0.0,0.0,1.0,0.0,0.0,1.0,0.0,0.0,0.0,0.0,1.0,0.0,1.0,1.0,0.0,0.0,1.0,0.0,0.0,1.0,0.5,0.25,0.0,1.0,0.0,0.0,0.0,0.0,0.0,0.0,1.0,0.75,0.25,0.0,1.0,0.0,0.0,0.0,0.0,0.0,0.0,1.0,0.0,0.0,1.0,0.0,0.0,1.0,0.0,0.5,0.0,1.0,1.0,0.0,0.0,0.0,0.0,0.0,0.0,0.75,1.0,0.0,0.0,0.0,0.25,0.75,0.0,0.0,0.25,0.0,0.0,1.0,0.0,0.0,0.0,0.5,0.0,0.5,0.25,0.0,0.0,0.5,0.25,0.25,0.5,0.0,0.0,0.0,0.25,0.0,0.0,0.0,0.0,0.0,0.0,0.0,0.0,0.0,0.0,0.0,0.0,0.0,0.0
Ghana,1.0,0.0,0.0,0.0,0.0,0.0,0.0,0.0,0.0,0.0,0.0,0.0,0.0,0.0,0.0,1.0,0.0,0.0,1.0,0.25,0.0,1.0,0.0,1.0,0.0,0.5,1.0,0.0,0.0,1.0,0.0,0.0,0.0,0.75,0.25,0.0,1.0,0.0,0.0,0.0,0.0,0.0,0.0,1.0,0.75,0.0,0.0,1.0,0.0,0.0,0.0,0.0,0.0,0.0,1.0,0.0,0.25,1.0,0.25,0.25,1.0,0.25,0.5,0.25,0.75,1.0,0.0,0.0,0.0,0.0,0.0,0.0,0.75,1.0,0.0,0.0,0.0,0.5,0.25,0.0,0.0,0.25,0.0,0.0,1.0,0.0,0.0,0.0,1.0,0.0,0.5,0.5,0.0,0.0,1.0,0.5,0.5,0.5,0.0,0.0,0.25,0.5,0.75,0.0,0.0,0.0,0.0,0.0,0.0,0.0,0.75,0.0,0.0,0.0,0.0,0.0
Germany,0.0,0.0,1.0,0.0,0.0,0.0,0.0,0.0,0.0,0.0,0.0,0.75,1.0,0.0,0.25,0.0,0.0,0.0,1.0,0.5,0.0,0.0,0.0,1.0,0.0,0.25,1.0,0.0,0.0,1.0,0.0,0.0,0.0,1.0,0.0,0.75,0.0,1.0,0.0,0.0,0.0,0.0,0.0,1.0,1.0,0.0,1.0,0.0,0.0,0.0,0.0,1.0,1.0,0.0,0.0,0.0,1.0,0.0,0.0,1.0,0.5,1.0,1.0,1.0,0.25,0.0,0.0,0.0,0.0,0.0,0.0,0.0,0.75,1.0,0.0,0.0,0.0,1.0,0.0,0.0,0.0,0.5,0.0,0.75,0.0,0.0,0.0,0.0,1.0,1.0,1.0,1.0,1.0,1.0,1.0,1.0,0.25,1.0,0.0,0.5,1.0,1.0,1.0,0.0,0.0,0.0,0.0,0.0,0.0,0.0,1.0,1.0,0.0,1.0,1.0,0.0
Guinea-Bissau,1.0,0.0,0.0,0.0,0.0,0.0,0.0,0.0,0.0,0.0,0.0,0.0,0.0,0.0,0.0,1.0,0.0,0.0,1.0,0.0,0.0,0.75,0.0,0.75,0.0,0.75,1.0,0.0,0.0,1.0,0.0,0.0,1.0,0.25,0.75,0.0,1.0,0.0,0.0,0.0,0.0,0.0,0.0,1.0,0.5,0.5,0.0,0.0,0.0,0.0,0.0,0.0,0.0,0.0,1.0,0.0,0.0,1.0,0.0,0.0,0.75,0.0,0.25,0.0,0.75,0.0,0.0,0.0,0.0,0.0,1.0,0.0,0.75,1.0,0.0,0.0,0.0,0.25,0.5,0.0,0.0,0.25,0.0,0.0,1.0,0.0,0.0,0.0,0.5,0.0,0.25,0.25,0.0,0.0,0.0,0.25,0.25,0.25,0.0,0.0,0.0,0.25,0.0,0.0,0.0,0.0,0.5,0.0,0.0,0.0,0.5,0.0,0.0,0.0,0.0,0.0
Greece,0.0,0.0,1.0,0.0,0.0,0.0,0.0,0.25,0.0,0.0,0.0,0.5,1.0,0.0,1.0,0.0,0.0,0.25,1.0,1.0,0.0,0.0,0.0,0.75,0.25,0.25,1.0,1.0,0.0,0.0,0.0,0.0,0.0,0.75,0.25,0.0,0.0,0.75,0.0,0.0,1.0,0.0,0.0,1.0,1.0,0.0,0.0,0.0,0.0,0.0,0.0,1.0,1.0,0.0,0.0,0.0,0.75,0.25,0.0,0.5,0.5,0.5,1.0,0.5,0.25,0.0,0.0,0.0,0.0,0.0,0.0,0.0,0.5,0.0,0.0,0.0,0.0,1.0,0.0,0.0,0.0,0.5,0.0,0.5,0.0,0.0,1.0,0.0,1.0,0.5,1.0,0.5,1.0,0.0,1.0,1.0,0.5,1.0,0.0,0.0,0.5,0.75,0.5,0.0,0.0,0.0,0.0,0.0,0.0,0.0,1.0,1.0,0.0,0.0,0.0,0.0
Grenada,0.0,0.0,0.0,0.0,0.0,0.0,0.0,0.0,1.0,0.0,0.0,0.0,0.0,0.0,0.0,0.0,0.0,1.0,1.0,0.75,0.0,0.5,0.0,0.25,0.25,0.5,1.0,0.0,0.0,1.0,0.0,0.0,1.0,0.25,0.75,0.0,1.0,0.0,0.0,0.0,0.0,0.0,0.0,1.0,1.0,0.0,0.0,1.0,0.0,0.0,0.0,0.0,0.0,0.0,0.0,0.0,0.25,1.0,0.0,0.25,0.5,0.0,1.0,0.0,0.5,1.0,0.0,0.0,0.0,0.0,0.0,0.0,0.5,1.0,0.0,0.0,0.0,1.0,0.0,0.0,0.0,0.25,0.0,0.0,1.0,0.0,0.0,0.0,0.0,0.0,0.5,0.5,0.0,0.0,0.0,0.25,0.5,1.0,0.0,0.0,0.25,0.5,0.0,0.0,0.0,0.0,0.0,0.0,0.0,0.0,0.5,0.0,1.0,0.0,0.0,0.0
Hungary,0.0,0.0,1.0,0.0,0.0,0.0,0.0,0.0,0.0,0.0,0.0,1.0,0.75,0.0,0.25,0.0,1.0,0.0,0.0,0.25,0.0,0.0,0.0,1.0,0.0,0.75,0.0,0.0,0.0,0.0,0.0,0.0,0.25,0.75,0.25,0.0,0.0,1.0,0.0,0.0,0.0,0.0,0.0,1.0,1.0,0.0,0.0,0.0,0.0,0.0,0.25,1.0,1.0,0.0,0.0,0.0,0.75,0.25,0.0,0.5,0.5,0.75,0.75,0.5,0.25,0.0,0.0,0.0,0.0,0.0,0.0,0.25,0.5,1.0,0.0,0.0,0.0,1.0,0.0,0.0,0.0,0.5,0.0,0.0,0.0,0.0,0.0,0.0,1.0,0.5,0.75,0.5,0.0,0.0,1.0,0.75,0.25,0.75,0.0,0.0,0.75,0.75,1.0,0.0,0.0,0.25,0.0,0.0,0.0,0.0,0.75,0.5,0.0,0.0,0.0,0.0
Guatemala,0.0,0.0,0.0,1.0,0.0,0.0,0.0,0.0,0.0,1.0,0.0,0.0,0.0,0.0,0.0,0.0,0.0,0.0,1.0,1.0,0.0,1.0,0.0,1.0,1.0,0.25,1.0,0.0,1.0,0.0,0.0,0.0,0.0,0.75,0.25,0.0,1.0,0.0,0.0,0.0,0.0,0.0,0.0,1.0,0.75,0.25,0.0,0.0,0.0,1.0,0.0,0.0,0.0,0.0,0.0,0.0,0.25,1.0,0.0,0.25,1.0,0.25,0.75,0.0,0.75,0.0,1.0,0.0,0.0,0.0,0.0,0.0,0.75,1.0,0.0,0.0,0.0,1.0,0.0,0.0,0.0,0.25,0.0,0.0,1.0,0.0,0.0,0.0,1.0,0.0,0.75,0.25,0.0,0.0,1.0,0.5,0.75,0.75,0.0,0.0,0.25,0.5,0.75,0.0,0.0,0.0,0.25,0.0,0.0,0.0,0.0,0.0,0.75,0.0,0.0,0.0
Haiti,0.0,0.0,0.0,1.0,0.0,0.0,0.0,0.0,1.0,0.0,0.0,0.0,0.0,0.0,0.0,0.0,0.0,1.0,1.0,1.0,0.0,0.5,0.0,0.5,0.25,0.25,1.0,0.0,0.0,0.0,0.0,0.0,1.0,0.75,0.0,0.0,1.0,0.0,0.0,0.0,0.0,0.0,0.0,1.0,0.5,0.5,0.0,0.0,1.0,1.0,0.0,0.0,0.0,0.0,0.0,0.0,0.0,1.0,0.0,0.0,0.5,0.0,0.5,0.0,0.5,0.0,0.25,1.0,0.0,0.0,0.0,0.0,0.75,1.0,0.0,0.0,0.0,1.0,0.0,0.0,0.0,0.25,0.0,0.0,1.0,0.0,0.0,0.0,0.5,0.0,0.75,0.5,0.0,0.0,0.5,0.5,0.5,0.5,0.0,0.0,0.25,0.25,0.0,0.0,0.0,0.0,0.5,0.0,0.0,0.0,0.0,0.0,0.75,0.0,0.0,0.0
Ecuador,0.0,0.0,0.0,0.0,1.0,0.0,0.0,0.0,0.0,0.0,0.0,0.0,0.0,0.0,0.0,0.0,0.0,0.0,1.0,1.0,0.0,1.0,0.0,1.0,1.0,0.25,1.0,0.0,1.0,0.0,0.0,0.25,1.0,0.5,0.5,0.0,0.75,0.75,0.0,0.0,0.0,0.0,0.0,1.0,1.0,0.0,0.0,0.0,0.0,1.0,0.0,0.0,0.0,0.0,0.0,0.0,0.25,1.0,0.75,0.25,0.75,0.25,0.75,0.0,0.75,0.0,1.0,0.0,0.0,0.0,0.0,0.0,0.75,1.0,0.0,0.0,0.0,1.0,0.0,0.0,0.0,0.25,0.0,0.0,1.0,0.0,0.0,0.0,1.0,0.0,0.5,0.25,0.0,0.0,1.0,0.5,1.0,0.75,0.0,0.0,0.25,0.5,0.25,0.0,0.0,0.0,0.25,0.0,0.0,0.0,1.0,0.0,1.0,0.0,0.0,0.0
Guinea,1.0,0.0,0.0,0.0,0.0,0.0,0.0,0.0,0.0,0.0,0.0,0.0,0.0,0.0,0.0,1.0,0.0,0.0,1.0,0.75,0.0,1.0,0.0,1.0,0.0,0.25,1.0,0.0,0.0,1.0,0.0,0.25,0.0,0.5,0.25,0.0,1.0,0.0,0.0,0.0,0.0,0.0,0.0,1.0,0.5,0.5,0.0,0.0,1.0,0.0,0.0,0.0,0.0,0.0,1.0,0.0,0.0,1.0,0.0,0.0,0.75,0.0,0.25,0.0,1.0,0.0,0.0,1.0,0.0,0.0,0.0,0.0,0.75,1.0,0.0,0.0,0.0,0.0,1.0,0.0,0.0,0.25,0.0,0.0,1.0,0.0,0.0,0.0,0.5,0.0,0.5,0.25,0.0,0.0,0.25,0.25,0.5,0.25,0.0,0.0,0.25,0.25,1.0,0.0,0.0,0.0,0.5,0.0,0.0,0.0,0.0,0.0,0.0,0.0,0.0,0.0
India,0.0,1.0,0.0,0.0,0.0,0.0,0.0,0.25,0.0,0.0,1.0,0.0,0.0,0.0,0.0,0.0,0.0,0.0,1.0,1.0,1.0,1.0,0.0,1.0,0.0,0.25,1.0,0.0,0.0,0.0,1.0,1.0,0.0,1.0,0.0,1.0,1.0,0.25,0.0,0.5,0.0,1.0,0.0,1.0,1.0,0.0,1.0,1.0,0.0,0.0,0.0,0.0,0.0,0.0,0.0,1.0,0.25,1.0,0.5,0.75,1.0,0.75,1.0,0.5,0.75,0.5,0.0,0.0,0.0,0.0,0.0,0.0,1.0,0.25,0.0,0.0,0.0,0.0,0.0,1.0,0.0,0.5,0.0,0.0,1.0,0.0,0.0,0.0,1.0,0.5,1.0,0.75,0.0,0.0,1.0,1.0,1.0,1.0,1.0,1.0,0.5,0.5,1.0,0.0,1.0,0.0,0.25,0.0,0.0,0.0,0.5,0.0,0.0,0.0,1.0,1.0
Guyana,0.0,0.0,0.0,0.0,1.0,0.0,0.0,0.0,0.75,0.0,0.0,0.0,0.0,0.0,0.0,0.0,0.0,0.0,1.0,0.25,0.0,1.0,0.0,1.0,0.0,0.5,1.0,0.0,0.0,1.0,0.0,0.0,0.25,0.25,0.75,0.0,1.0,0.0,0.0,0.0,0.0,0.0,0.0,1.0,0.75,0.0,0.0,1.0,0.0,0.0,0.0,0.0,0.0,0.0,0.0,0.0,0.0,1.0,0.75,0.25,0.75,0.25,0.5,0.0,1.0,1.0,0.0,0.0,0.0,0.0,0.0,0.0,0.5,1.0,0.0,0.0,0.0,0.75,0.0,0.0,0.0,0.25,0.0,0.0,1.0,0.0,0.0,0.0,0.25,0.0,0.5,0.25,0.0,0.0,0.25,0.25,0.5,0.5,0.0,0.0,0.25,0.25,0.5,0.0,0.0,0.0,0.0,0.0,0.0,0.0,0.0,0.0,1.0,0.0,0.0,0.0
Iceland,0.0,0.0,1.0,0.0,0.0,0.0,0.0,0.0,0.0,0.0,0.0,0.0,1.0,1.0,0.0,0.0,0.0,1.0,1.0,1.0,0.0,0.0,1.0,0.25,1.0,0.25,1.0,0.0,0.0,1.0,0.0,0.0,1.0,0.25,1.0,0.0,0.0,0.25,1.0,0.0,0.0,0.0,0.0,1.0,1.0,0.0,0.0,0.0,0.0,0.0,0.0,0.0,1.0,0.0,0.0,0.0,1.0,0.0,0.0,0.75,0.25,0.25,1.0,0.25,0.75,0.0,0.0,0.0,0.0,0.0,0.0,0.0,0.5,1.0,0.0,0.0,0.0,1.0,0.0,0.0,0.0,0.5,0.0,0.0,0.0,0.0,0.0,0.0,0.25,0.0,0.25,0.5,0.0,0.0,0.5,0.5,1.0,1.0,0.0,0.0,0.5,1.0,0.0,0.0,0.0,0.0,0.0,0.0,0.0,0.0,1.0,0.0,0.0,0.0,0.0,0.0
Honduras,0.0,0.0,0.0,1.0,0.0,0.0,0.0,0.0,0.0,1.0,0.0,0.0,0.0,0.0,0.0,0.0,0.0,0.0,1.0,1.0,0.0,1.0,0.0,1.0,0.0,0.25,1.0,0.0,0.0,1.0,0.0,0.0,0.0,0.5,0.25,0.0,1.0,0.0,0.0,0.0,0.0,0.0,0.0,1.0,0.75,0.25,0.0,0.0,0.0,1.0,0.0,0.0,0.0,0.0,0.0,0.0,0.25,1.0,0.0,0.25,0.75,0.25,0.5,0.0,0.75,0.0,1.0,0.0,0.0,0.0,0.0,0.0,0.5,1.0,0.0,0.0,0.0,1.0,0.0,0.0,0.0,0.25,0.0,0.0,1.0,0.0,0.0,0.0,0.75,0.0,0.5,0.5,0.0,0.0,0.5,0.25,0.5,0.5,0.0,0.0,0.25,0.5,0.0,0.0,0.0,0.0,0.5,0.0,0.0,0.0,0.0,0.0,0.75,0.0,0.0,0.0
Indonesia,0.0,1.0,0.0,0.0,0.0,0.25,0.0,0.0,0.0,0.0,1.0,0.0,0.0,0.0,0.0,0.0,0.0,1.0,1.0,1.0,0.0,1.0,0.0,1.0,1.0,0.25,1.0,0.0,1.0,0.0,1.0,1.0,0.0,1.0,0.0,1.0,1.0,0.0,0.0,0.0,0.0,1.0,0.0,1.0,0.75,0.25,1.0,0.0,0.0,0.0,0.0,0.0,0.0,0.0,0.0,0.0,0.25,1.0,0.75,0.5,0.75,0.5,1.0,0.25,1.0,0.0,0.0,0.0,0.0,0.0,0.0,0.0,1.0,0.75,0.0,0.0,0.0,0.0,1.0,0.0,0.0,0.5,0.0,0.0,1.0,0.0,0.0,0.0,1.0,0.0,1.0,0.5,0.0,0.0,1.0,0.75,1.0,1.0,0.0,0.0,0.5,0.5,0.0,0.0,0.0,0.0,0.25,0.0,0.0,0.0,0.75,0.0,0.0,0.0,1.0,0.0
Israel,0.0,1.0,0.0,0.0,0.0,0.0,0.0,1.0,0.0,0.0,0.0,0.0,0.0,0.0,1.0,0.0,0.0,0.0,1.0,0.75,1.0,0.0,0.0,0.5,0.0,0.25,1.0,1.0,0.0,0.0,0.0,0.0,1.0,1.0,0.0,0.0,0.0,0.5,0.0,1.0,1.0,0.0,0.0,1.0,1.0,0.0,0.0,1.0,0.0,0.0,0.0,0.0,0.0,1.0,0.0,0.0,1.0,0.0,0.0,1.0,0.5,0.75,1.0,1.0,0.25,0.25,0.0,0.0,1.0,0.0,0.0,0.0,1.0,0.0,1.0,0.0,0.0,0.0,0.5,0.0,0.0,0.5,1.0,0.0,1.0,0.0,1.0,0.0,1.0,0.5,1.0,0.5,0.0,0.0,1.0,1.0,0.25,1.0,1.0,0.5,0.75,1.0,1.0,0.0,0.0,0.0,1.0,0.0,0.0,0.0,0.25,0.0,0.0,0.0,0.0,0.0
Italy,0.0,0.0,1.0,0.0,0.0,0.0,0.0,0.0,0.0,0.0,0.0,0.25,1.0,0.0,1.0,0.0,0.0,0.0,1.0,1.0,0.0,0.0,0.0,1.0,1.0,0.25,1.0,1.0,0.0,0.0,0.0,0.0,0.0,1.0,0.0,0.75,0.0,1.0,0.0,0.0,1.0,0.0,0.0,1.0,1.0,0.0,0.0,0.0,0.0,0.0,0.0,1.0,1.0,0.0,0.0,0.0,1.0,0.0,0.0,0.75,0.5,1.0,1.0,0.75,0.25,0.0,0.0,0.0,0.0,0.0,0.0,0.0,0.75,1.0,0.0,0.0,0.0,1.0,0.0,0.0,0.0,0.5,0.0,1.0,0.0,0.0,0.0,0.0,1.0,1.0,1.0,0.75,1.0,1.0,1.0,1.0,0.5,1.0,0.0,0.0,0.75,0.75,1.0,0.0,0.0,0.0,0.0,0.0,0.0,0.0,1.0,1.0,0.0,1.0,1.0,0.0
Iraq,0.0,1.0,0.0,0.0,0.0,0.0,0.0,1.0,0.0,0.0,0.0,0.0,0.0,0.0,0.0,0.0,0.0,0.0,1.0,1.0,1.0,0.0,0.0,1.0,0.0,0.25,0.0,0.0,0.0,0.0,0.0,1.0,0.0,0.75,0.25,0.5,0.0,0.0,0.0,1.0,0.0,0.0,0.0,1.0,0.5,0.75,0.0,0.0,0.0,0.0,0.0,0.0,0.0,1.0,0.0,0.0,0.25,1.0,1.0,0.25,0.5,0.25,0.25,0.25,1.0,0.0,0.0,0.0,1.0,0.0,0.0,0.0,0.75,0.0,1.0,0.0,0.0,0.0,1.0,0.0,0.0,0.25,1.0,0.0,0.0,0.0,1.0,0.0,1.0,0.25,0.75,0.25,0.0,0.0,0.5,0.5,0.25,0.25,0.0,0.0,0.25,0.25,1.0,0.0,0.0,0.0,1.0,0.0,0.0,0.0,0.5,0.0,0.0,0.0,0.0,0.0
Iran,0.0,1.0,0.0,0.0,0.0,0.0,0.0,1.0,0.0,0.0,0.0,0.0,0.0,0.0,0.75,0.0,0.0,0.0,1.0,1.0,1.0,0.0,0.0,1.0,0.25,0.25,1.0,0.0,0.0,0.0,1.0,1.0,0.0,1.0,0.0,1.0,0.0,0.5,0.25,1.0,0.5,0.0,0.0,1.0,0.25,1.0,0.0,0.0,0.0,0.0,0.0,0.0,0.0,1.0,0.0,1.0,0.25,1.0,1.0,0.5,0.5,0.5,0.5,0.25,1.0,0.0,0.0,0.0,0.75,0.0,0.0,0.0,0.75,0.0,1.0,0.0,0.0,0.0,1.0,0.0,0.0,0.25,1.0,0.5,0.0,0.0,0.5,0.0,1.0,0.75,1.0,0.5,0.0,0.0,1.0,1.0,0.5,0.5,1.0,0.25,0.5,0.5,1.0,0.0,0.0,1.0,1.0,0.0,0.0,0.0,0.25,0.0,0.0,0.0,0.0,0.0
Ireland {Republic},0.0,0.0,1.0,0.0,0.0,0.0,0.0,0.0,0.0,0.0,0.0,0.0,1.0,0.0,0.0,0.0,0.0,1.0,1.0,0.25,0.0,0.0,0.0,0.75,0.0,0.5,1.0,0.0,0.0,1.0,0.0,0.0,0.75,0.5,0.25,0.0,0.0,1.0,0.0,0.0,0.0,0.0,0.0,1.0,1.0,0.0,0.0,1.0,0.0,0.0,0.0,1.0,0.0,0.0,0.0,0.0,1.0,0.0,0.0,0.75,0.5,0.5,1.0,0.5,0.25,1.0,0.0,0.0,0.0,0.0,0.0,0.0,0.5,1.0,0.0,0.0,0.0,1.0,0.0,0.0,0.0,0.5,0.0,0.0,1.0,0.0,0.0,0.0,0.75,0.0,0.5,0.75,0.0,0.0,0.5,0.5,0.5,1.0,0.0,0.0,0.75,0.75,0.0,0.0,0.0,0.0,0.0,0.0,0.0,0.0,0.5,1.0,0.0,0.0,0.0,0.0
Japan,0.0,1.0,0.0,0.0,0.0,0.0,0.0,0.0,0.0,0.0,1.0,0.0,0.0,0.0,0.0,0.0,0.0,1.0,1.0,1.0,0.0,0.0,0.0,1.0,1.0,0.25,1.0,0.0,1.0,0.0,0.0,0.0,0.0,1.0,0.0,1.0,0.0,1.0,0.0,0.0,0.0,0.0,0.0,0.0,1.0,0.0,0.0,0.0,0.0,0.0,0.0,0.0,0.0,0.0,0.0,1.0,1.0,0.0,0.0,1.0,0.25,1.0,1.0,1.0,0.25,0.0,0.0,0.0,0.0,0.0,0.0,0.0,0.5,0.0,0.0,0.0,1.0,0.0,0.0,0.0,1.0,0.75,0.0,0.0,0.0,0.0,0.0,0.0,1.0,1.0,1.0,0.75,1.0,0.0,1.0,1.0,0.5,1.0,0.0,1.0,1.0,1.0,0.0,0.0,0.0,0.0,0.0,0.0,0.0,0.0,1.0,0.0,0.0,1.0,1.0,0.0
Ivory Coast,1.0,0.0,0.0,0.0,0.0,0.0,0.0,0.0,0.0,0.0,0.0,0.0,0.0,0.0,0.0,1.0,0.0,0.0,1.0,0.25,0.0,1.0,0.0,1.0,0.0,0.5,1.0,0.0,0.0,1.0,0.0,0.25,0.0,0.75,0.0,0.5,1.0,0.0,0.0,0.0,0.0,0.0,0.0,1.0,0.75,0.25,0.0,0.0,1.0,0.0,0.0,0.0,0.0,0.0,1.0,0.0,0.25,1.0,0.25,0.25,1.0,0.5,0.5,0.25,0.75,0.0,0.0,1.0,0.0,0.0,0.0,0.0,0.75,1.0,0.0,0.0,0.0,0.5,0.5,0.0,0.0,0.25,0.0,0.0,1.0,0.0,0.0,0.0,0.5,0.0,0.5,0.5,0.0,0.0,0.5,0.5,0.5,0.5,0.0,0.0,0.25,0.25,1.0,0.0,0.0,0.0,0.5,0.0,0.0,0.0,0.75,0.0,0.0,0.0,0.0,0.0
Jamaica,0.0,0.0,0.0,0.75,0.0,0.0,0.0,0.0,1.0,0.25,0.0,0.0,0.0,0.0,0.0,0.0,0.0,1.0,1.0,0.75,0.0,0.5,0.0,0.5,0.0,0.25,1.0,0.0,0.0,1.0,0.0,0.0,1.0,0.5,0.25,0.0,1.0,0.0,0.0,0.0,0.0,0.0,0.75,0.0,0.75,0.0,0.0,1.0,0.0,0.75,0.0,0.0,0.0,0.0,0.0,0.0,0.25,0.75,0.0,0.25,0.5,0.25,1.0,0.0,0.5,1.0,0.0,0.0,0.0,0.0,0.0,0.0,0.5,1.0,0.0,0.0,0.0,1.0,0.0,0.0,0.0,0.25,0.0,0.0,1.0,0.0,0.0,0.0,0.25,0.0,1.0,1.0,0.0,0.0,0.75,0.5,0.5,1.0,0.0,0.0,0.25,0.5,0.0,0.0,0.0,0.0,0.0,0.0,0.0,0.0,0.5,0.0,0.75,0.0,0.0,0.0
Kazakhstan,0.0,1.0,0.25,0.0,0.0,0.0,0.0,0.0,0.0,0.0,0.0,0.25,0.0,0.0,0.0,0.0,1.0,0.0,0.0,0.75,0.75,0.0,0.25,0.75,0.0,0.5,0.0,0.0,0.0,0.0,0.0,1.0,0.0,0.25,0.75,0.0,0.0,0.5,0.5,0.75,0.0,0.0,0.0,1.0,0.25,0.75,1.0,0.0,0.0,0.0,0.5,0.0,0.0,0.0,0.0,0.0,0.25,0.75,1.0,0.25,0.5,0.25,0.25,0.25,1.0,0.0,0.0,0.0,0.0,0.0,0.0,1.0,0.75,0.0,0.0,1.0,0.0,0.0,0.75,0.0,0.0,0.5,0.0,0.0,0.0,1.0,0.0,1.0,0.5,0.0,0.25,0.25,0.0,0.0,0.25,0.25,0.5,0.25,0.0,0.0,0.25,0.5,1.0,0.0,1.0,1.0,0.0,0.0,1.0,0.0,0.75,0.0,0.0,0.0,0.0,0.75
Korea South,0.0,1.0,0.0,0.0,0.0,0.0,0.0,0.0,0.0,0.0,1.0,0.0,0.0,0.0,0.0,0.0,0.0,0.0,1.0,1.0,0.0,0.0,0.0,1.0,0.0,0.25,1.0,0.0,1.0,0.0,0.0,0.0,0.0,1.0,0.0,1.0,0.0,1.0,0.0,0.0,0.0,0.0,0.0,1.0,1.0,0.0,0.0,0.0,0.0,0.0,0.0,0.0,0.0,0.0,0.0,0.0,1.0,0.0,0.0,1.0,0.0,1.0,1.0,1.0,0.0,0.0,0.0,0.0,0.0,0.0,0.0,0.0,0.5,0.0,0.0,0.0,1.0,0.25,0.0,0.0,0.5,0.5,0.0,0.0,1.0,0.0,0.0,0.0,1.0,0.5,1.0,1.0,1.0,0.0,1.0,1.0,0.25,1.0,0.0,0.5,1.0,1.0,0.0,0.0,1.0,0.0,0.5,0.0,0.0,0.0,0.0,0.0,0.0,0.0,1.0,0.0
Kiribati,0.0,0.0,0.0,0.0,0.0,1.0,0.0,0.0,0.0,0.0,0.0,0.0,0.0,0.0,0.0,0.0,0.0,1.0,1.0,0.0,0.0,0.0,0.0,0.0,0.0,1.0,1.0,0.0,1.0,0.0,0.0,0.0,1.0,0.25,0.75,0.0,1.0,0.0,0.0,0.0,0.0,0.0,0.0,1.0,0.75,0.0,0.0,1.0,0.0,0.0,0.0,0.0,0.0,0.0,0.0,0.0,0.0,1.0,0.0,0.0,0.0,0.0,0.5,0.0,0.75,0.75,0.0,0.0,0.0,0.0,0.0,0.0,0.5,1.0,0.0,0.0,0.0,1.0,0.0,0.0,0.0,0.0,0.0,0.0,1.0,0.0,0.0,0.0,0.0,0.0,0.0,0.0,0.0,0.0,0.0,0.0,0.0,0.5,0.0,0.0,0.0,0.25,0.0,0.0,0.0,0.0,0.0,0.0,0.0,0.0,0.0,0.0,1.0,0.0,0.0,0.0
Jordan,0.0,1.0,0.0,0.0,0.0,0.0,0.0,1.0,0.0,0.0,0.0,0.0,0.0,0.0,0.75,0.0,0.0,0.0,0.75,1.0,1.0,0.0,0.0,0.5,0.0,0.25,0.0,1.0,0.0,0.0,0.0,0.0,0.0,0.5,0.25,0.0,0.0,0.25,0.0,1.0,0.75,0.0,1.0,0.0,0.25,0.5,0.0,0.0,0.0,0.0,0.0,0.0,0.0,1.0,0.0,0.0,0.25,1.0,0.0,0.25,0.25,0.25,0.75,0.25,0.5,0.0,0.0,0.0,1.0,0.0,0.0,0.0,0.5,0.0,1.0,0.0,0.0,0.0,1.0,0.0,0.0,0.25,1.0,0.0,0.0,0.0,1.0,0.0,1.0,0.0,0.5,0.25,0.0,0.0,0.75,0.5,0.5,0.75,0.0,0.0,0.25,0.5,1.0,0.0,0.0,0.0,0.5,0.0,0.0,0.0,0.5,0.0,0.0,0.0,0.0,0.0
Korea North,0.0,1.0,0.0,0.0,0.0,0.0,0.0,0.0,0.0,0.0,0.75,0.0,0.0,0.0,0.0,0.0,0.0,0.0,1.0,1.0,0.0,0.0,0.0,1.0,0.0,0.25,1.0,0.0,1.0,0.0,0.0,0.0,0.0,0.5,0.25,0.0,0.0,1.0,0.25,0.0,0.0,0.0,0.0,1.0,0.0,1.0,0.0,0.0,0.0,0.0,1.0,0.0,0.0,0.0,0.0,0.0,0.0,1.0,0.0,0.0,0.5,0.5,0.0,0.0,0.75,0.0,0.0,0.0,0.0,1.0,0.0,0.5,0.5,0.0,0.0,0.0,1.0,0.0,0.0,0.0,0.0,0.0,0.0,0.0,0.0,1.0,0.0,0.0,1.0,0.0,0.0,0.0,0.0,0.0,0.0,0.0,0.0,0.0,1.0,0.0,0.0,0.25,1.0,0.0,1.0,1.0,1.0,0.0,0.0,0.0,0.0,0.0,0.0,0.0,0.0,0.0
Kenya,1.0,0.0,0.0,0.0,0.0,0.0,0.0,0.0,0.0,0.0,0.0,0.0,0.0,0.0,0.0,1.0,0.0,0.0,1.0,1.0,0.25,0.75,0.0,1.0,0.5,0.25,1.0,0.0,0.0,0.0,1.0,0.75,0.0,0.75,0.25,0.5,1.0,0.0,0.0,0.25,0.0,0.0,0.0,1.0,0.75,0.0,0.0,1.0,0.0,0.0,0.0,0.0,0.0,0.0,1.0,0.0,0.25,1.0,0.0,0.5,1.0,0.25,1.0,0.25,0.75,1.0,0.0,0.0,0.0,0.0,0.0,0.0,0.75,1.0,0.0,0.0,0.0,0.75,0.25,0.0,0.0,0.25,0.0,0.0,1.0,0.0,0.0,0.0,0.75,0.0,0.5,0.75,0.0,0.0,1.0,0.5,1.0,1.0,0.0,0.0,0.25,0.5,1.0,0.0,0.0,0.0,0.25,0.0,0.0,0.0,0.75,0.0,0.0,0.0,0.0,0.0
Dominican Republic,0.0,0.0,0.0,0.75,0.0,0.0,0.0,0.0,1.0,0.0,0.0,0.0,0.0,0.0,0.0,0.0,0.0,1.0,1.0,0.75,0.0,0.5,0.0,0.75,0.5,0.25,1.0,0.0,0.0,1.0,0.0,0.0,0.75,0.75,0.0,0.0,1.0,0.0,0.0,0.0,0.0,0.0,0.0,1.0,0.75,0.0,0.0,0.0,0.0,1.0,0.0,0.0,0.0,0.0,0.0,0.0,0.25,0.75,0.0,0.25,0.75,0.5,1.0,0.25,0.5,0.0,1.0,0.0,0.0,0.0,0.0,0.0,0.25,1.0,0.0,0.0,0.0,1.0,0.0,0.0,0.0,0.25,0.0,0.0,1.0,0.0,0.0,0.0,0.5,0.0,0.75,0.5,0.0,0.0,0.75,0.5,0.5,1.0,0.0,0.0,0.25,0.5,0.0,0.0,0.0,0.0,0.0,0.0,0.0,0.0,0.0,0.0,0.0,0.0,0.0,0.0
Kyrgyzstan,0.0,1.0,0.0,0.0,0.0,0.0,0.0,0.0,0.0,0.0,0.0,0.0,0.0,0.0,0.0,0.0,1.0,0.0,0.0,1.0,0.25,0.0,0.0,1.0,0.0,0.25,0.0,0.0,0.0,0.0,0.0,0.0,0.25,0.25,0.75,0.0,0.0,0.5,0.5,0.0,0.0,0.0,0.0,1.0,0.5,0.25,1.0,0.0,0.0,0.0,0.25,0.0,0.0,0.0,0.0,0.0,0.25,1.0,0.0,0.25,0.5,0.25,0.5,0.0,0.75,0.0,0.0,0.0,0.0,0.0,0.0,1.0,0.75,0.0,0.0,1.0,0.0,0.0,0.75,0.0,0.0,0.25,0.0,0.0,1.0,1.0,0.0,1.0,0.5,0.0,0.5,0.25,0.0,0.0,0.5,0.25,0.5,0.5,0.0,0.0,0.25,0.25,1.0,0.0,1.0,1.0,0.25,0.0,0.0,0.0,0.5,0.0,0.0,0.0,0.0,0.0
Kuwait,0.0,1.0,0.0,0.0,0.0,0.0,0.0,1.0,0.0,0.0,0.0,0.0,0.0,0.0,0.0,0.0,0.0,0.0,1.0,0.0,1.0,0.0,0.0,0.0,0.0,1.0,1.0,0.0,0.0,0.0,1.0,0.0,1.0,0.75,0.25,0.0,0.0,0.0,0.0,1.0,0.0,0.0,1.0,0.0,0.5,0.5,0.0,1.0,0.0,0.0,0.0,0.0,0.0,1.0,0.0,0.0,0.75,0.25,1.0,0.5,0.0,0.25,0.25,0.5,1.0,0.0,0.0,0.0,1.0,0.0,0.0,0.0,0.5,0.0,1.0,0.0,0.0,0.0,1.0,0.0,0.0,0.0,1.0,0.0,1.0,0.0,0.0,0.0,1.0,0.0,0.5,0.25,0.0,0.0,0.0,0.25,0.0,0.25,0.0,0.0,0.5,0.75,0.0,0.0,0.0,0.0,0.25,0.0,0.0,0.0,0.5,0.0,0.0,0.0,0.0,0.0
Kosovo,0.0,0.0,1.0,0.0,0.0,0.0,0.0,0.0,0.0,0.0,0.0,1.0,0.25,0.0,0.25,0.0,1.0,0.0,0.0,1.0,0.0,0.0,0.0,0.75,0.0,0.25,0.0,0.0,0.0,0.0,0.0,0.0,1.0,0.5,0.25,0.0,0.0,1.0,0.0,0.0,0.25,0.0,0.0,1.0,0.75,0.0,0.0,0.0,0.0,0.0,0.0,0.0,0.0,0.0,0.0,0.0,0.25,1.0,0.0,0.25,0.25,0.25,0.5,0.0,0.5,0.0,0.0,0.0,0.0,0.0,0.0,0.25,0.75,1.0,0.0,0.25,0.0,0.5,0.5,0.0,0.0,0.5,0.0,0.0,0.0,0.0,1.0,1.0,1.0,0.0,0.25,0.25,0.0,0.0,0.0,0.25,0.0,0.5,0.0,0.0,0.25,0.5,1.0,0.0,0.0,0.0,0.5,0.0,0.0,0.0,0.25,1.0,0.0,0.0,0.0,0.0
Liberia,1.0,0.0,0.0,0.0,0.0,0.0,0.0,0.0,0.0,0.0,0.0,0.0,0.0,0.0,0.0,1.0,0.0,0.0,1.0,0.25,0.0,1.0,0.0,1.0,0.0,0.5,1.0,0.0,0.0,1.0,0.0,0.0,0.25,0.5,0.25,0.0,1.0,0.0,0.0,0.0,0.0,0.0,0.0,1.0,0.5,0.25,0.0,0.0,1.0,0.0,0.0,0.0,0.0,0.0,1.0,0.0,0.0,1.0,0.0,0.0,0.5,0.0,0.25,0.0,1.0,1.0,0.0,0.0,0.0,0.0,0.0,0.0,0.5,1.0,0.0,0.0,0.0,0.75,0.0,0.0,0.0,0.25,0.0,0.0,1.0,0.0,0.0,0.0,0.25,0.0,0.25,0.25,0.0,0.0,0.0,0.25,0.25,0.25,0.0,0.0,0.0,0.25,0.0,0.0,0.0,0.0,0.5,0.0,0.0,0.0,0.0,0.0,1.0,0.0,0.0,0.0
Latvia,0.0,0.0,1.0,0.0,0.0,0.0,0.0,0.0,0.0,0.0,0.0,1.0,0.75,0.0,0.0,0.0,0.0,0.0,1.0,0.0,0.0,0.0,0.0,1.0,0.0,0.75,1.0,0.0,0.0,1.0,0.0,0.0,0.75,0.25,0.5,0.0,0.0,1.0,0.25,0.0,0.0,0.0,0.0,1.0,1.0,0.0,0.0,0.0,0.0,0.0,0.0,1.0,1.0,0.0,0.0,0.0,0.75,0.25,0.0,0.5,0.5,0.5,0.75,0.25,0.5,0.0,0.0,0.0,0.0,0.0,0.0,0.75,0.5,1.0,0.0,0.0,0.0,1.0,0.0,0.0,0.0,0.25,0.0,0.0,0.0,1.0,0.0,1.0,0.5,0.0,0.5,0.5,0.0,0.0,0.75,0.5,0.25,0.5,0.0,0.0,0.75,0.75,0.5,0.0,0.0,1.0,0.0,0.0,0.0,0.0,0.75,1.0,0.0,0.0,0.0,0.0
Lebanon,0.0,1.0,0.0,0.0,0.0,0.0,0.0,1.0,0.0,0.0,0.0,0.0,0.0,0.0,1.0,0.0,0.0,0.0,1.0,1.0,0.0,0.0,0.0,1.0,0.0,0.25,0.0,1.0,0.0,0.0,0.0,0.0,0.75,1.0,0.0,0.0,0.0,0.5,0.0,0.0,1.0,0.0,0.0,1.0,0.75,0.25,0.0,0.0,1.0,0.0,0.0,0.0,0.0,1.0,0.0,0.0,0.5,1.0,0.0,0.5,0.25,0.25,1.0,0.5,0.5,0.25,0.0,0.5,1.0,0.0,0.0,0.0,1.0,0.25,1.0,0.0,0.0,0.5,0.5,0.0,0.0,0.5,0.0,0.0,1.0,0.0,1.0,0.0,1.0,0.0,1.0,0.25,0.0,0.0,1.0,1.0,0.5,1.0,0.0,0.0,0.5,0.5,1.0,0.0,0.0,0.0,1.0,0.0,0.0,0.0,0.0,0.0,0.5,0.0,0.0,0.0
Laos,0.0,1.0,0.0,0.0,0.0,0.0,0.0,0.0,0.0,0.0,1.0,0.0,0.0,0.0,0.0,0.0,1.0,0.0,0.0,1.0,0.0,1.0,0.0,1.0,0.0,0.25,0.0,0.0,0.0,0.0,0.0,0.0,0.25,0.25,0.75,0.0,1.0,0.0,0.0,0.0,0.0,1.0,0.0,1.0,0.25,1.0,0.0,0.0,1.0,0.0,1.0,0.0,0.0,0.0,0.0,0.0,0.0,1.0,0.0,0.0,0.75,0.25,0.5,0.0,1.0,0.0,0.0,0.0,0.0,0.0,0.0,0.0,0.75,0.0,0.0,0.0,0.0,0.0,0.0,0.0,1.0,0.25,1.0,0.0,1.0,0.0,0.0,0.0,1.0,0.0,0.5,0.0,0.0,0.0,0.75,0.5,0.5,0.5,0.0,0.0,0.25,0.25,1.0,0.0,1.0,0.0,0.0,0.0,0.0,0.0,0.0,0.0,0.0,0.0,0.0,0.0
Lesotho,1.0,0.0,0.0,0.0,0.0,0.0,0.0,0.0,0.0,0.0,0.0,0.0,0.0,0.0,0.0,1.0,1.0,0.0,0.0,1.0,0.0,0.0,0.0,0.75,0.0,0.25,0.0,0.0,0.0,0.0,0.0,0.0,1.0,0.25,0.75,0.0,0.0,0.75,0.0,0.0,0.0,0.0,1.0,0.0,0.75,0.0,0.0,1.0,0.0,0.0,0.0,0.0,0.0,0.0,1.0,0.0,0.0,1.0,0.0,0.0,0.5,0.0,0.25,0.0,0.75,0.5,0.0,0.0,0.0,0.0,0.0,0.0,0.75,1.0,0.0,0.0,0.0,1.0,0.0,0.0,0.0,0.0,0.0,0.0,1.0,0.0,0.0,0.0,0.5,0.0,0.25,0.25,0.0,0.0,0.0,0.25,0.5,0.25,0.0,0.0,0.0,0.25,0.0,0.0,0.0,0.0,0.0,0.0,0.0,0.0,0.5,0.0,0.0,0.0,0.0,0.0
Libya,1.0,0.0,0.0,0.0,0.0,0.0,0.0,0.0,0.0,0.0,0.0,0.0,0.0,0.0,1.0,0.0,0.0,0.0,1.0,0.25,1.0,0.0,0.0,0.25,0.0,0.75,1.0,1.0,0.0,0.0,0.0,1.0,0.0,0.25,0.75,0.0,0.0,0.0,0.0,1.0,0.5,0.0,0.0,1.0,0.25,1.0,0.0,0.0,1.0,0.0,0.0,0.0,0.0,1.0,1.0,0.0,0.25,1.0,1.0,0.25,0.25,0.25,0.5,0.0,1.0,0.0,0.0,0.0,1.0,0.0,0.0,0.0,0.5,0.0,1.0,0.0,0.0,0.0,1.0,0.0,0.0,0.0,1.0,0.0,1.0,0.0,1.0,0.0,1.0,0.0,0.5,0.25,0.0,0.0,0.5,0.5,0.25,0.25,0.0,0.0,0.25,0.25,1.0,0.0,0.0,0.0,1.0,0.0,0.0,0.0,0.5,0.0,0.0,0.0,0.0,0.0
Macedonia,0.0,0.0,1.0,0.0,0.0,0.0,0.0,0.0,0.0,0.0,0.0,1.0,0.0,0.0,0.75,0.0,1.0,0.0,0.0,1.0,0.0,0.0,0.0,0.75,0.0,0.25,0.0,0.75,0.0,0.0,0.0,0.0,0.75,0.5,0.25,0.0,0.0,1.0,0.0,0.0,0.5,0.0,0.0,1.0,0.75,0.0,0.0,0.0,0.0,0.0,0.0,0.0,0.75,0.0,0.0,0.0,0.25,0.75,0.0,0.25,0.5,0.25,0.5,0.0,0.5,0.0,0.0,0.0,0.0,0.0,0.0,0.25,0.75,0.0,0.0,1.0,,1.0,0.0,0.0,0.0,0.25,0.0,0.0,0.0,0.0,1.0,1.0,1.0,0.0,0.5,0.25,0.0,0.0,0.5,0.5,0.25,0.5,0.0,0.0,0.25,0.5,1.0,0.0,0.0,0.0,0.25,0.0,0.0,1.0,0.5,0.0,0.0,0.0,0.0,0.0
Liechtenstein,0.0,0.0,1.0,0.0,0.0,0.0,0.0,0.0,0.0,0.0,0.0,0.0,1.0,0.0,0.0,0.0,1.0,0.0,0.0,1.0,0.0,0.0,0.0,0.0,0.0,0.25,0.0,0.0,0.0,0.0,0.0,0.0,1.0,0.5,0.5,0.0,0.0,1.0,0.0,0.0,0.0,0.0,1.0,0.0,1.0,0.0,0.0,0.0,0.0,0.0,0.0,0.0,0.0,0.0,0.0,0.0,1.0,0.0,0.0,1.0,0.0,0.5,0.75,1.0,0.0,0.0,0.0,0.0,0.0,0.0,0.0,0.0,0.75,1.0,0.0,0.0,0.0,1.0,0.0,0.0,0.0,0.25,0.0,0.0,0.0,0.0,0.0,0.0,0.0,0.0,0.0,0.0,0.0,0.0,0.0,0.5,0.0,0.5,0.0,0.0,0.75,1.0,0.0,0.0,0.0,0.0,0.0,0.0,0.0,0.0,1.0,1.0,0.0,0.0,0.0,0.0
Lithuania,0.0,0.0,1.0,0.0,0.0,0.0,0.0,0.0,0.0,0.0,0.0,1.0,0.75,0.0,0.0,0.0,0.0,0.0,1.0,0.0,0.0,0.0,0.0,1.0,0.0,0.75,1.0,0.0,0.0,1.0,0.0,0.0,0.25,0.5,0.25,0.0,0.0,1.0,0.25,0.0,0.0,0.0,0.0,1.0,1.0,0.0,0.0,0.0,0.0,0.0,0.0,1.0,1.0,0.0,0.0,0.0,0.75,0.25,0.0,0.5,0.5,0.5,0.5,0.25,0.25,0.0,0.0,0.0,0.0,0.0,0.0,0.5,0.5,1.0,0.0,0.0,0.0,1.0,0.0,0.0,0.0,0.25,0.0,0.0,0.75,1.0,0.0,1.0,0.75,0.0,0.5,0.5,0.0,0.0,0.5,0.5,0.25,0.5,0.0,0.0,0.5,0.75,1.0,0.0,0.0,1.0,0.0,0.0,0.0,0.0,0.5,1.0,0.0,0.0,0.0,0.0
Luxembourg,0.0,0.0,1.0,0.0,0.0,0.0,0.0,0.0,0.0,0.0,0.0,0.0,1.0,0.0,0.0,0.0,1.0,0.0,0.0,0.25,0.0,0.0,0.0,0.75,0.0,0.75,0.0,0.0,0.0,0.0,0.0,0.0,1.0,0.75,0.25,0.0,0.0,1.0,0.0,0.0,0.0,0.0,0.0,1.0,1.0,0.0,0.0,0.0,0.75,0.0,0.0,1.0,1.0,0.0,0.0,0.0,1.0,0.0,0.0,0.75,0.0,0.5,0.5,1.0,0.0,0.0,0.0,0.75,0.0,0.0,0.0,0.0,1.0,1.0,0.0,0.0,0.0,1.0,0.0,0.0,0.0,0.5,0.0,0.0,0.75,0.0,0.0,0.0,0.5,0.0,0.5,0.5,0.0,0.0,0.75,0.5,0.0,0.5,0.0,0.0,0.75,1.0,1.0,0.0,0.0,0.0,0.0,0.0,0.0,0.0,1.0,1.0,0.0,0.0,0.0,0.0
Maldives,0.0,1.0,0.0,0.0,0.0,0.0,0.0,0.0,0.0,0.0,1.0,0.0,0.0,0.0,0.0,0.0,0.0,1.0,1.0,0.0,0.0,0.0,0.0,0.0,0.0,1.0,1.0,0.0,0.0,0.0,1.0,0.0,1.0,0.5,0.25,0.0,1.0,0.0,0.0,0.0,0.0,0.75,1.0,0.0,0.5,0.25,0.0,1.0,0.0,0.0,0.0,0.0,0.0,0.0,0.0,0.0,0.25,1.0,0.0,0.25,0.0,0.0,1.0,0.0,0.5,0.25,0.0,0.0,0.0,0.0,0.0,0.0,0.5,0.0,0.0,0.0,0.0,0.0,1.0,0.0,0.0,0.25,1.0,0.0,1.0,0.0,0.0,0.0,0.5,0.0,0.5,0.25,0.0,0.0,0.75,0.5,1.0,1.0,0.0,0.0,0.25,0.5,0.0,0.0,0.0,0.0,0.0,0.0,0.0,0.0,0.75,0.0,0.0,0.0,0.0,0.0
Malaysia,0.0,1.0,0.0,0.0,0.0,0.0,0.0,0.0,0.0,0.0,1.0,0.0,0.0,0.0,0.0,0.0,0.0,0.5,1.0,0.75,0.0,1.0,0.0,0.75,0.0,0.25,1.0,0.0,0.0,0.0,1.0,0.0,0.0,0.75,0.25,0.75,1.0,0.0,0.0,0.0,0.0,1.0,0.0,1.0,0.75,0.0,0.0,1.0,0.0,0.0,0.0,0.0,0.0,0.0,0.0,0.0,0.5,1.0,0.75,0.5,0.75,0.75,1.0,0.5,0.75,0.25,0.0,0.0,0.0,0.5,0.0,0.0,1.0,0.5,0.0,0.0,0.0,0.0,1.0,0.0,0.0,0.25,1.0,0.0,1.0,0.0,0.0,0.0,1.0,0.0,1.0,0.5,0.0,0.0,1.0,0.5,0.75,1.0,0.0,0.0,0.5,0.75,0.25,0.0,0.0,0.0,0.0,0.0,0.0,0.0,0.0,0.0,0.0,0.0,1.0,0.0
Madagascar,1.0,0.0,0.0,0.0,0.0,0.0,0.0,0.0,0.0,0.0,0.0,0.0,0.0,0.0,0.0,1.0,0.0,1.0,1.0,0.75,0.0,1.0,0.0,0.75,0.5,0.25,1.0,0.0,0.0,0.0,1.0,0.75,0.0,0.5,0.5,0.0,1.0,0.0,0.0,0.0,0.0,0.0,0.0,1.0,0.75,0.0,0.0,0.0,1.0,0.0,0.0,0.0,0.0,0.0,1.0,0.0,0.0,1.0,0.0,0.0,0.75,0.25,0.75,0.0,0.75,0.0,0.0,0.75,0.0,0.0,0.0,0.0,0.75,0.75,0.0,0.0,0.0,0.5,0.0,0.0,0.0,0.25,0.0,0.0,1.0,0.0,0.0,0.0,0.75,0.0,0.5,0.25,0.0,0.0,0.75,0.5,1.0,0.75,0.0,0.0,0.25,0.25,0.0,0.0,0.0,0.0,0.0,0.0,0.0,0.0,0.0,0.0,0.0,0.0,0.0,0.0
Malawi,1.0,0.0,0.0,0.0,0.0,0.0,0.0,0.0,0.0,0.0,0.0,0.0,0.0,0.0,0.0,1.0,0.0,0.0,0.0,0.75,0.0,0.75,0.0,1.0,0.0,0.5,0.0,0.0,0.0,0.0,1.0,0.0,0.0,0.5,0.25,0.0,1.0,0.0,0.0,0.0,0.0,0.0,0.0,1.0,0.75,0.25,0.0,1.0,0.0,0.0,0.0,0.0,0.0,0.0,1.0,0.0,0.0,1.0,0.0,0.0,0.75,0.0,0.5,0.0,1.0,1.0,0.0,0.0,0.0,0.0,0.0,0.0,0.75,1.0,0.0,0.0,0.0,0.75,0.0,0.0,0.0,0.25,0.0,0.0,1.0,0.0,0.0,0.0,0.5,0.0,0.25,0.25,0.0,0.0,0.25,0.25,0.75,0.5,0.0,0.0,0.25,0.25,0.5,0.0,0.0,0.0,0.25,0.0,0.0,0.0,0.0,0.0,0.0,0.0,0.0,0.0
Mali,1.0,0.0,0.0,0.0,0.0,0.0,0.0,0.0,0.0,0.0,0.0,0.0,0.0,0.0,0.0,1.0,1.0,0.0,0.0,0.25,1.0,0.0,0.0,1.0,0.0,0.75,0.0,0.0,0.0,0.0,0.0,1.0,0.0,0.25,0.75,0.0,0.0,0.0,0.0,1.0,0.0,0.0,0.0,1.0,0.5,0.5,0.0,0.0,1.0,0.0,0.0,0.0,0.0,0.0,1.0,0.0,0.0,1.0,0.0,0.0,1.0,0.0,0.25,0.0,1.0,0.0,0.0,1.0,0.0,0.0,0.0,0.0,1.0,0.75,0.0,0.0,0.0,0.0,1.0,0.0,0.0,0.25,1.0,0.0,1.0,0.0,0.0,0.0,1.0,0.0,0.5,0.25,0.0,0.0,1.0,0.5,0.5,0.25,0.0,0.0,0.0,0.25,1.0,0.0,0.0,0.0,1.0,0.0,0.0,0.0,0.5,0.0,0.0,0.0,0.0,0.0
Marshall Islands,0.0,0.25,0.0,0.0,0.0,1.0,0.0,0.0,0.0,0.0,0.25,0.0,0.0,0.0,0.0,0.0,0.0,1.0,1.0,0.0,0.0,0.5,0.0,0.0,0.0,1.0,1.0,0.0,1.0,0.0,0.0,0.0,1.0,0.25,0.75,0.0,1.0,0.0,0.0,0.0,0.0,0.0,0.0,1.0,0.75,0.0,0.0,1.0,0.0,0.0,0.0,0.0,0.0,0.0,0.0,0.0,0.25,1.0,0.0,0.0,0.0,0.0,0.75,0.0,0.5,1.0,0.0,0.0,0.0,0.0,0.0,0.0,0.5,1.0,0.0,0.0,0.0,0.75,0.0,0.0,0.0,0.25,0.0,0.0,1.0,0.0,0.0,0.0,0.25,0.0,0.0,0.0,0.0,0.0,0.0,0.0,0.0,0.5,0.0,0.0,0.0,0.25,0.0,0.0,0.0,0.0,0.0,0.0,0.0,0.0,0.5,0.0,1.0,0.0,0.0,0.0
Mauritania,1.0,0.0,0.0,0.0,0.0,0.0,0.0,0.0,0.0,0.0,0.0,0.0,0.0,0.0,0.0,1.0,0.0,0.0,1.0,0.25,1.0,0.0,0.0,0.5,0.0,0.75,1.0,0.0,0.0,1.0,0.0,0.75,0.0,0.25,0.75,0.0,0.0,0.0,0.0,1.0,0.0,0.0,0.0,1.0,0.5,0.5,0.0,0.0,1.0,0.75,0.0,0.0,0.0,1.0,1.0,0.0,0.0,1.0,0.5,0.0,0.5,0.0,0.25,0.0,1.0,0.0,0.25,1.0,1.0,0.0,0.0,0.0,0.75,0.25,1.0,0.0,0.0,0.0,1.0,0.0,0.0,0.0,1.0,0.0,1.0,0.0,0.0,0.0,0.75,0.0,0.25,0.25,0.0,0.0,0.5,0.25,0.25,0.25,0.0,0.0,0.0,0.25,0.5,0.0,0.0,0.0,0.5,0.0,0.0,0.0,0.5,0.0,0.0,0.0,0.0,0.0
Malta,0.0,0.0,1.0,0.0,0.0,0.0,0.0,0.0,0.0,0.0,0.0,0.0,1.0,0.0,1.0,0.0,0.0,1.0,1.0,0.0,0.0,0.0,0.0,0.0,0.0,1.0,1.0,1.0,0.0,0.0,0.0,0.0,1.0,0.75,0.25,0.0,0.0,0.0,0.0,0.0,1.0,0.0,0.0,1.0,1.0,0.0,0.0,1.0,0.0,0.0,0.0,1.0,0.0,0.0,0.0,0.0,0.75,0.25,0.0,0.5,0.25,0.25,1.0,0.5,0.0,0.75,0.0,0.0,0.0,0.0,0.0,0.0,0.75,1.0,0.0,0.0,0.0,1.0,0.0,0.0,0.0,0.25,0.0,0.0,1.0,0.0,0.0,0.0,1.0,0.0,0.5,0.5,0.0,0.0,1.0,0.75,0.25,1.0,0.0,0.0,0.5,0.75,0.0,0.0,0.0,0.0,0.0,1.0,0.0,0.0,1.0,1.0,0.0,0.0,0.0,0.0
Finland,0.0,0.0,1.0,0.0,0.0,0.0,0.0,0.0,0.0,0.0,0.0,0.0,0.0,0.25,0.0,0.0,0.0,0.0,1.0,0.25,0.0,0.0,1.0,1.0,0.0,1.0,0.0,0.0,0.0,0.0,0.0,0.0,0.0,0.0,1.0,0.0,0.0,0.25,1.0,0.0,0.0,0.0,0.0,1.0,1.0,0.0,0.0,0.0,0.0,0.0,0.0,1.0,1.0,0.0,0.0,0.0,1.0,0.0,0.0,1.0,0.25,0.25,0.75,0.0,0.75,0.0,0.0,0.0,0.0,0.0,0.0,0.0,1.0,1.0,0.0,0.0,0.0,1.0,0.0,0.0,0.0,0.0,0.0,0.0,1.0,0.0,0.0,0.0,0.25,0.0,0.25,0.75,1.0,0.0,1.0,1.0,1.0,1.0,0.0,0.75,0.75,1.0,0.25,0.0,0.0,1.0,0.0,0.0,0.0,0.0,1.0,1.0,0.0,0.0,0.0,0.0
Mexico,0.0,0.0,0.0,1.0,0.0,0.0,0.0,0.0,0.0,1.0,0.0,0.0,0.0,0.0,0.0,0.0,0.0,0.0,1.0,1.0,1.0,0.5,0.0,1.0,1.0,0.25,1.0,0.0,1.0,1.0,0.0,1.0,0.0,1.0,0.0,1.0,0.75,0.5,0.0,0.75,0.25,0.0,0.0,1.0,1.0,0.0,1.0,0.0,0.0,1.0,0.0,0.0,0.0,0.0,0.0,0.0,0.5,1.0,1.0,0.5,1.0,1.0,1.0,0.5,0.75,0.0,1.0,0.0,0.0,0.0,0.0,0.0,0.75,1.0,0.0,0.0,0.0,1.0,0.0,0.0,0.0,0.25,0.0,0.0,1.0,0.0,0.0,0.0,1.0,0.5,1.0,0.75,1.0,0.5,1.0,0.75,0.75,1.0,0.0,0.0,0.5,0.5,1.0,1.0,0.0,0.0,0.25,0.0,0.0,0.0,0.5,0.0,0.0,0.0,1.0,0.0
Moldova,0.0,0.0,1.0,0.0,0.0,0.0,0.0,0.0,0.0,0.0,0.0,1.0,0.0,0.0,0.0,0.0,1.0,0.0,0.0,0.25,0.0,0.0,0.0,0.75,0.0,0.75,0.0,0.0,0.0,0.0,0.0,0.0,1.0,0.5,0.25,0.0,0.0,1.0,0.0,0.0,0.0,0.0,0.0,1.0,0.75,0.25,0.0,0.0,0.0,0.0,0.5,0.0,0.0,0.0,0.0,0.0,0.0,1.0,0.0,0.25,0.75,0.25,0.25,0.0,0.5,0.0,0.0,0.0,0.0,0.0,0.0,0.75,0.75,0.5,0.0,0.5,0.0,1.0,0.0,0.0,0.0,0.25,0.0,0.0,0.0,1.0,0.0,1.0,0.75,0.0,0.5,0.25,0.0,0.0,0.0,0.25,0.0,0.25,0.0,0.0,0.25,0.5,1.0,0.0,0.0,0.5,0.5,0.0,0.0,0.0,0.0,0.0,0.0,0.0,0.0,0.0
Monaco,0.0,0.0,1.0,0.0,0.0,0.0,0.0,0.0,0.0,0.0,0.0,0.0,1.0,0.0,1.0,0.0,0.0,0.0,1.0,0.25,0.0,0.0,0.0,0.0,0.0,1.0,1.0,1.0,0.0,0.0,0.0,0.0,1.0,1.0,0.0,0.0,0.0,0.75,0.0,0.0,1.0,0.0,1.0,0.0,0.75,0.0,0.0,0.0,1.0,0.0,0.0,0.0,0.0,0.0,0.0,0.0,1.0,0.0,0.0,0.75,0.0,0.0,1.0,1.0,0.0,0.0,0.0,1.0,0.0,0.0,0.0,0.0,0.75,1.0,0.0,0.0,0.0,1.0,0.0,0.0,0.0,0.25,0.0,0.0,0.0,0.0,0.0,0.0,1.0,0.0,0.5,1.0,0.0,0.0,1.0,1.0,0.0,1.0,0.0,0.0,0.75,1.0,0.0,0.0,0.0,0.0,0.0,1.0,0.0,0.0,1.0,1.0,0.0,0.0,0.0,0.0
Micronesia,0.0,0.25,0.0,0.0,0.0,1.0,0.0,0.0,0.0,0.0,0.75,0.0,0.0,0.0,0.0,0.0,0.0,1.0,1.0,0.25,0.0,0.75,0.0,0.25,0.5,0.75,1.0,0.0,1.0,0.0,0.0,0.0,1.0,0.25,0.75,0.0,1.0,0.0,0.0,0.0,0.0,0.0,0.0,1.0,0.75,0.0,1.0,0.0,0.0,1.0,0.0,0.0,0.0,0.0,0.0,0.0,0.0,1.0,0.0,0.0,0.25,0.0,0.75,0.0,0.75,0.5,0.25,0.0,0.0,0.0,0.0,0.0,0.75,0.5,0.0,0.0,0.0,0.75,0.0,0.0,0.0,0.25,0.0,0.0,1.0,0.0,0.0,0.0,0.5,0.0,0.25,0.25,0.0,0.0,0.25,0.25,0.5,0.5,0.0,0.0,0.0,0.25,0.0,0.0,0.0,0.0,0.0,0.0,0.0,0.0,0.0,0.0,1.0,0.0,0.0,0.0
Montenegro,0.0,0.0,1.0,0.0,0.0,0.0,0.0,0.0,0.0,0.0,0.0,1.0,0.75,0.0,1.0,0.0,0.0,0.0,1.0,1.0,0.0,0.0,0.0,0.75,0.0,0.25,1.0,1.0,0.0,0.0,0.0,0.0,1.0,0.25,0.75,0.0,0.0,0.75,0.0,0.0,0.75,0.0,0.0,1.0,0.75,0.0,0.0,0.0,0.0,0.0,0.0,0.0,1.0,0.0,0.0,0.0,0.25,0.75,0.0,0.25,0.25,0.25,1.0,0.0,0.5,0.0,0.0,0.0,0.0,0.0,0.0,0.25,0.75,1.0,0.0,0.25,0.0,1.0,0.0,0.0,0.0,0.25,0.0,0.0,0.0,0.0,0.0,1.0,1.0,0.0,0.5,0.5,0.0,0.0,0.75,0.5,0.5,1.0,0.0,0.0,0.25,0.5,1.0,0.0,0.0,0.0,0.0,0.0,0.0,0.0,0.75,1.0,0.0,0.0,0.0,0.0
Morocco,1.0,0.0,0.0,0.0,0.0,0.0,0.0,0.75,0.0,0.0,0.0,0.0,0.0,0.0,1.0,0.0,0.0,0.0,1.0,1.0,1.0,0.0,0.0,0.75,0.0,0.25,1.0,0.25,0.0,1.0,0.0,0.0,0.0,0.75,0.25,0.0,0.0,0.5,0.0,1.0,0.75,0.0,1.0,0.0,0.5,0.25,0.0,0.0,1.0,0.75,0.0,0.0,0.0,1.0,1.0,0.0,0.25,0.75,0.0,0.25,0.75,0.25,0.75,0.25,0.75,0.0,0.0,1.0,1.0,0.0,0.0,0.0,0.75,0.0,1.0,0.0,0.0,0.0,1.0,0.0,0.0,0.25,1.0,0.0,1.0,0.0,0.0,0.0,1.0,0.0,1.0,0.5,0.0,0.0,1.0,1.0,0.5,0.75,0.0,0.0,0.25,0.5,0.0,0.0,0.0,0.0,0.0,0.0,0.0,0.0,0.0,0.0,0.0,0.0,0.0,0.0
Mongolia,0.0,1.0,0.0,0.0,0.0,0.0,0.0,0.0,0.0,0.0,0.0,0.0,0.0,0.0,0.0,0.0,1.0,0.0,0.0,1.0,1.0,0.0,0.0,0.75,0.0,0.25,0.0,0.0,0.0,0.0,0.0,1.0,0.0,0.25,1.0,0.0,0.0,0.5,1.0,1.0,0.0,0.0,0.0,1.0,0.75,0.0,0.0,0.0,0.0,0.0,0.5,0.0,0.0,0.0,0.0,0.0,0.25,1.0,0.0,0.25,0.5,0.25,0.5,0.0,1.0,0.0,0.0,0.0,0.0,0.0,0.0,0.75,0.5,0.0,0.0,1.0,0.0,0.0,0.0,0.0,1.0,0.5,0.0,0.0,0.0,1.0,0.0,0.0,1.0,0.0,0.5,0.25,0.0,0.0,0.5,0.25,0.5,0.25,0.0,0.0,0.25,0.5,1.0,0.0,1.0,1.0,0.0,0.0,0.0,0.0,0.0,0.0,0.0,0.0,0.0,0.0
Netherlands,0.0,0.0,1.0,0.0,0.0,0.0,0.0,0.0,0.0,0.0,0.0,0.0,1.0,0.0,0.0,0.0,0.0,0.0,1.0,0.0,0.0,0.0,0.0,1.0,0.0,1.0,1.0,0.0,0.0,1.0,0.0,0.0,0.0,1.0,0.0,0.0,0.0,1.0,0.0,0.0,0.0,0.0,1.0,0.0,1.0,0.0,0.0,0.0,0.0,0.0,0.0,1.0,1.0,0.0,0.0,0.0,1.0,0.0,0.0,1.0,1.0,1.0,1.0,1.0,0.0,0.0,0.0,0.0,0.0,0.0,0.0,0.0,1.0,1.0,0.0,0.0,0.0,1.0,0.0,0.0,0.0,0.5,0.0,1.0,0.0,0.0,0.0,0.0,1.0,1.0,0.5,0.5,0.0,0.0,1.0,1.0,0.5,1.0,0.0,0.0,1.0,1.0,0.0,0.0,0.0,0.0,0.0,0.0,0.0,0.0,1.0,1.0,0.0,0.0,1.0,0.0
"Myanmar, {Burma}",0.0,1.0,0.0,0.0,0.0,0.0,0.0,0.0,0.0,0.0,1.0,0.0,0.0,0.0,0.0,0.0,0.0,0.0,1.0,1.0,0.0,1.0,0.0,1.0,0.0,0.25,1.0,0.0,0.0,0.0,1.0,1.0,0.0,1.0,0.0,1.0,1.0,0.0,0.0,0.0,0.0,1.0,0.0,1.0,0.25,1.0,0.0,1.0,0.0,0.0,0.0,0.0,0.0,0.0,0.0,0.0,0.25,1.0,0.0,0.25,1.0,0.5,0.75,0.0,1.0,0.0,0.0,0.0,0.0,0.0,0.0,0.0,1.0,0.0,0.0,0.0,0.0,0.0,0.0,0.0,1.0,0.25,1.0,0.0,1.0,0.0,0.0,0.0,1.0,0.0,0.75,0.25,0.0,0.0,1.0,0.5,0.75,0.5,0.0,0.0,0.25,0.25,1.0,0.0,1.0,0.0,1.0,0.0,0.0,1.0,0.0,0.0,0.0,0.0,0.0,0.0
Nicaragua,0.0,0.0,0.0,1.0,0.0,0.0,0.0,0.0,0.0,1.0,0.0,0.0,0.0,0.0,0.0,0.0,0.0,0.0,1.0,1.0,0.0,1.0,0.0,1.0,1.0,0.25,1.0,0.0,1.0,1.0,0.0,0.0,0.0,0.5,0.25,0.0,1.0,0.0,0.0,0.0,0.0,0.0,0.0,1.0,0.75,0.25,0.0,0.0,0.0,1.0,0.0,0.0,0.0,0.0,0.0,0.0,0.0,1.0,0.0,0.0,1.0,0.25,0.75,0.0,1.0,0.0,1.0,0.0,0.0,0.0,0.0,0.0,0.5,1.0,0.0,0.0,0.0,1.0,0.0,0.0,0.0,0.25,0.0,0.0,1.0,0.0,0.0,0.0,1.0,0.0,0.5,0.25,0.0,0.0,0.75,0.5,0.75,0.5,0.0,0.0,0.25,0.25,0.75,0.0,0.0,0.0,0.25,0.0,0.0,0.0,0.0,0.0,0.75,0.0,0.0,0.0
Nauru,0.0,0.0,0.0,0.0,0.0,1.0,0.0,0.0,0.0,0.0,0.0,0.0,0.0,0.0,0.0,0.0,0.0,1.0,1.0,0.0,0.0,0.0,0.0,0.0,0.0,1.0,1.0,0.0,1.0,0.0,0.0,0.0,1.0,0.25,0.75,0.0,1.0,0.0,0.0,0.0,0.0,0.0,0.0,1.0,0.75,0.25,0.0,1.0,0.0,0.0,0.0,0.0,0.0,0.0,0.0,0.0,0.25,0.75,0.0,0.0,0.0,0.0,0.5,0.0,0.75,1.0,0.0,0.0,0.0,0.0,0.0,0.0,0.5,1.0,0.0,0.0,0.0,1.0,0.0,0.0,0.0,0.0,0.0,0.0,1.0,0.0,0.0,0.0,0.0,0.0,0.0,0.0,0.0,0.0,0.0,0.0,0.0,0.5,0.0,0.0,0.0,0.5,0.0,0.0,0.0,0.0,0.0,0.0,0.0,0.0,0.0,0.0,1.0,0.0,0.0,0.0
Mozambique,1.0,0.0,0.0,0.0,0.0,0.0,0.0,0.0,0.0,0.0,0.0,0.0,0.0,0.0,0.0,1.0,0.0,0.0,1.0,0.75,0.0,0.75,0.0,1.0,0.0,0.5,1.0,0.0,0.0,0.0,1.0,0.75,0.0,0.5,0.25,0.0,1.0,0.0,0.0,0.0,0.0,0.0,0.0,1.0,0.5,0.25,0.0,0.0,0.0,0.0,0.0,0.0,0.0,0.0,1.0,0.0,0.0,1.0,0.0,0.25,0.75,0.25,0.5,0.0,1.0,0.0,0.0,0.0,0.0,0.0,1.0,0.0,0.75,1.0,0.0,0.0,0.0,0.5,0.25,0.0,0.0,0.25,0.0,0.0,1.0,0.0,0.0,0.0,0.5,0.0,0.5,0.25,0.0,0.0,0.5,0.25,0.5,0.5,0.0,0.0,0.25,0.25,1.0,0.0,0.0,0.0,0.5,0.0,0.0,0.0,0.0,0.0,0.0,0.0,0.0,0.0
Nepal,0.0,1.0,0.0,0.0,0.0,0.0,0.0,0.0,0.0,0.0,1.0,0.0,0.0,0.0,0.0,0.0,1.0,0.0,0.0,1.0,0.0,0.5,0.0,1.0,0.0,0.25,0.0,0.0,0.0,0.0,0.0,0.0,0.25,0.75,0.25,0.0,0.5,0.5,0.25,0.0,0.0,1.0,0.0,1.0,0.75,0.0,0.0,0.0,0.0,0.0,0.0,0.0,0.0,0.0,0.0,0.0,0.0,1.0,0.0,0.25,0.5,0.25,1.0,0.0,0.75,0.0,0.0,0.0,0.0,0.0,0.0,0.0,0.75,0.0,0.0,0.0,0.0,0.0,0.0,1.0,0.0,0.25,1.0,0.0,0.0,0.0,0.0,0.0,1.0,0.0,0.75,0.5,0.0,0.0,1.0,0.75,1.0,1.0,0.0,0.0,0.25,0.25,1.0,0.0,1.0,0.0,0.0,0.0,0.0,0.0,0.5,0.0,0.0,0.0,0.0,0.0
Niger,1.0,0.0,0.0,0.0,0.0,0.0,0.0,0.0,0.0,0.0,0.0,0.0,0.0,0.0,0.0,1.0,1.0,0.0,0.0,0.25,1.0,0.0,0.0,0.5,0.0,0.75,0.0,0.0,0.0,0.0,0.0,1.0,0.0,0.25,0.75,0.0,0.0,0.0,0.0,1.0,0.0,0.0,0.0,1.0,0.5,0.5,0.0,0.0,1.0,0.0,0.0,0.0,0.0,0.0,1.0,0.0,0.0,1.0,0.0,0.0,0.5,0.0,0.25,0.0,1.0,0.0,0.0,1.0,0.0,0.0,0.0,0.0,0.75,0.75,0.0,0.0,0.0,0.0,1.0,0.0,0.0,0.25,0.0,0.0,1.0,0.0,0.0,0.0,0.75,0.0,0.25,0.25,0.0,0.0,0.5,0.25,0.5,0.25,0.0,0.0,0.0,0.25,1.0,0.0,0.0,0.0,0.5,0.0,0.0,0.0,0.5,0.0,0.0,0.0,0.0,0.0
Namibia,1.0,0.0,0.0,0.0,0.0,0.0,0.0,0.0,0.0,0.0,0.0,0.0,0.0,0.0,0.0,1.0,0.0,0.0,1.0,0.75,1.0,0.0,0.0,0.5,0.0,0.5,1.0,0.0,0.0,1.0,0.0,1.0,0.0,0.25,1.0,0.0,0.0,0.0,0.0,1.0,0.0,0.0,0.0,1.0,0.75,0.0,0.0,1.0,0.0,0.0,0.0,0.0,0.0,0.0,1.0,0.0,0.25,1.0,0.25,0.25,0.5,0.25,0.75,0.0,1.0,0.5,0.0,0.0,0.0,0.0,0.5,0.0,0.75,1.0,0.0,0.0,0.0,0.75,0.0,0.0,0.0,0.25,0.0,0.0,1.0,0.0,0.0,1.0,0.5,0.0,0.25,0.25,0.0,0.0,0.5,0.25,0.75,0.5,0.0,0.0,0.25,0.25,0.5,0.0,0.0,0.0,0.0,0.0,0.0,0.0,0.5,0.0,1.0,0.0,0.0,0.0
Nigeria,1.0,0.0,0.0,0.0,0.0,0.0,0.0,0.0,0.0,0.0,0.0,0.0,0.0,0.0,0.0,1.0,0.0,0.0,1.0,0.25,0.0,1.0,0.0,1.0,0.0,0.5,1.0,0.0,0.0,1.0,0.0,1.0,0.0,1.0,0.0,1.0,1.0,0.0,0.0,0.0,0.0,0.0,0.0,1.0,0.75,0.25,1.0,1.0,0.0,0.0,0.0,0.0,0.0,0.0,1.0,0.0,0.25,1.0,1.0,0.5,1.0,0.5,0.5,0.5,1.0,1.0,0.0,0.0,0.0,0.0,0.0,0.0,1.0,1.0,0.0,0.0,0.0,0.5,0.5,0.0,0.0,0.5,0.0,0.0,1.0,0.0,0.0,0.0,1.0,0.25,1.0,1.0,0.0,0.0,1.0,0.5,0.5,0.5,0.0,0.0,0.25,0.5,1.0,0.0,0.0,0.0,0.5,0.0,0.0,0.0,0.5,0.0,0.0,0.0,0.5,0.0
New Zealand,0.0,0.0,0.0,0.0,0.0,1.0,0.0,0.0,0.0,0.0,0.0,0.0,0.0,0.0,0.0,0.0,0.0,1.0,1.0,1.0,0.0,0.0,0.0,0.75,1.0,0.25,1.0,0.0,1.0,0.0,0.0,0.0,0.75,0.25,0.75,0.0,0.0,1.0,0.0,0.0,0.0,0.0,1.0,0.0,1.0,0.0,0.0,1.0,0.0,0.0,0.0,0.0,0.0,0.0,0.0,0.0,1.0,0.0,0.0,0.75,0.75,0.5,1.0,0.5,0.5,1.0,0.0,0.0,0.0,0.0,0.0,0.0,0.5,1.0,0.0,0.0,0.0,1.0,0.0,0.0,0.0,0.25,0.0,0.0,1.0,0.0,0.0,0.0,0.0,0.0,0.5,1.0,0.0,0.0,1.0,0.5,1.0,1.0,0.0,0.0,0.5,1.0,0.0,0.0,0.0,0.0,0.0,0.0,0.0,0.0,1.0,0.0,1.0,0.0,0.0,0.0
Pakistan,0.0,1.0,0.0,0.0,0.0,0.0,0.0,0.75,0.0,0.0,0.75,0.0,0.0,0.0,0.0,0.0,0.0,0.0,1.0,1.0,1.0,0.0,0.0,1.0,0.0,0.25,1.0,0.0,0.0,0.0,1.0,1.0,0.0,1.0,0.0,1.0,0.0,0.5,0.0,0.75,0.0,1.0,0.0,1.0,0.5,0.5,1.0,1.0,0.0,0.0,0.0,0.0,0.0,1.0,0.0,0.0,0.25,1.0,0.5,0.5,1.0,0.5,0.5,0.25,0.75,0.25,0.0,0.0,0.0,0.0,0.0,0.0,1.0,0.0,0.0,0.0,0.0,0.0,1.0,0.0,0.0,0.25,1.0,0.0,1.0,0.0,0.0,0.0,1.0,0.25,1.0,1.0,0.0,0.0,0.75,0.5,0.5,0.5,1.0,0.0,0.25,0.5,1.0,0.0,1.0,0.0,0.75,0.0,0.0,0.0,0.5,0.0,0.0,0.0,0.0,0.0
Paraguay,0.0,0.0,0.0,0.0,1.0,0.0,0.0,0.0,0.0,0.0,0.0,0.0,0.0,0.0,0.0,0.0,1.0,0.0,0.0,0.25,0.0,0.5,0.0,1.0,0.0,0.5,0.0,0.0,0.0,1.0,0.0,0.25,0.0,0.25,0.5,0.0,1.0,0.0,0.0,0.0,0.0,0.0,0.0,1.0,0.75,0.25,1.0,0.0,0.0,1.0,0.0,0.0,0.0,0.0,0.0,0.0,0.25,1.0,0.0,0.25,1.0,0.25,0.5,0.0,1.0,0.0,1.0,0.0,0.0,0.0,0.0,0.0,0.5,1.0,0.0,0.0,0.0,1.0,0.0,0.0,0.0,0.25,0.0,0.0,1.0,0.0,0.0,0.0,0.5,0.0,0.5,0.25,0.0,0.0,0.5,0.25,0.5,0.25,0.0,0.0,0.25,0.5,1.0,0.0,0.0,0.0,0.0,0.0,0.0,0.0,0.75,0.0,0.0,0.0,0.0,0.0
Norway,0.0,0.0,1.0,0.0,0.0,0.0,0.0,0.0,0.0,0.0,0.0,0.25,1.0,1.0,0.0,0.0,0.0,0.0,1.0,1.0,0.0,0.0,1.0,0.75,0.0,0.0,1.0,0.0,0.0,1.0,0.0,0.0,0.25,0.25,0.75,0.0,0.0,0.5,1.0,0.0,0.0,0.0,1.0,0.0,1.0,0.0,0.0,0.0,0.0,0.0,0.0,0.0,1.0,0.0,0.0,0.0,1.0,0.0,0.75,0.75,0.25,0.5,0.75,0.5,0.75,0.0,0.0,0.0,0.0,0.0,0.0,0.0,0.75,1.0,0.0,0.0,0.0,1.0,0.0,0.0,0.0,0.5,0.0,0.0,0.0,0.0,0.0,0.0,0.5,0.25,0.5,0.5,0.75,0.0,0.75,0.5,0.75,0.75,0.0,0.0,0.75,1.0,0.25,0.0,0.0,1.0,0.0,0.0,0.0,0.0,1.0,0.0,0.0,0.0,0.0,0.0
Papua New Guinea,0.0,0.75,0.0,0.0,0.0,1.0,0.0,0.0,0.0,0.0,1.0,0.0,0.0,0.0,0.0,0.0,0.0,1.0,1.0,1.0,0.0,1.0,0.0,1.0,1.0,0.25,1.0,0.0,1.0,0.0,0.0,0.5,0.0,0.25,0.75,0.0,1.0,0.0,0.0,0.0,0.0,0.5,0.0,1.0,0.75,0.0,1.0,1.0,0.0,0.0,0.0,0.0,0.0,0.0,0.0,0.0,0.25,1.0,0.0,0.25,0.5,0.25,0.5,0.0,1.0,0.75,0.0,0.0,0.0,0.0,0.0,0.0,1.0,0.75,0.0,0.0,0.0,0.75,0.0,0.0,0.0,0.25,0.0,0.0,1.0,0.0,0.0,0.0,0.5,0.0,0.5,0.25,0.0,0.0,0.5,0.25,0.75,0.5,0.0,0.0,0.25,0.25,0.0,0.0,0.0,0.0,0.25,0.0,0.0,0.0,0.5,0.0,0.75,0.0,0.0,0.0
Oman,0.0,1.0,0.0,0.0,0.0,0.0,0.0,1.0,0.0,0.0,0.0,0.0,0.0,0.0,0.0,0.0,0.0,0.0,1.0,1.0,1.0,0.0,0.0,0.25,0.0,0.25,1.0,0.0,0.0,0.0,1.0,0.0,0.0,0.25,0.75,0.0,0.0,0.0,0.0,1.0,0.0,0.0,1.0,0.0,0.0,0.0,0.0,1.0,0.0,0.0,0.0,0.0,0.0,1.0,0.0,0.0,0.5,0.75,1.0,0.25,0.25,0.25,0.5,0.25,1.0,0.25,0.0,0.0,1.0,0.0,0.0,0.0,0.5,0.0,1.0,0.0,0.0,0.0,1.0,0.0,0.0,0.0,1.0,0.0,1.0,0.0,0.0,0.0,1.0,0.0,0.5,0.25,0.0,0.0,0.5,0.5,0.5,0.5,0.0,0.0,0.25,0.5,0.0,0.0,0.0,0.0,0.0,0.0,0.0,0.0,1.0,0.0,0.0,0.0,0.0,0.0
Palau,0.0,1.0,0.0,0.0,0.0,1.0,0.0,0.0,0.0,0.0,0.75,0.0,0.0,0.0,0.0,0.0,0.0,1.0,1.0,0.25,0.0,0.75,0.0,0.25,0.0,0.5,1.0,0.0,1.0,0.0,0.0,0.0,1.0,0.25,0.75,0.0,1.0,0.0,0.0,0.0,0.0,0.0,0.0,1.0,0.75,0.0,0.0,0.0,0.0,1.0,0.0,0.0,0.0,0.0,0.0,0.0,0.25,0.75,0.0,0.25,0.25,0.0,1.0,0.0,0.5,0.75,0.0,0.0,0.0,0.0,0.0,0.0,0.5,0.75,0.0,0.0,0.0,0.75,0.0,0.0,0.0,0.25,0.0,0.0,1.0,0.0,0.0,0.0,0.5,0.0,0.25,0.25,0.0,0.0,0.5,0.25,0.75,1.0,0.0,0.0,0.25,0.5,0.0,0.0,0.0,0.0,0.0,0.0,0.0,0.0,0.5,0.0,1.0,0.0,0.0,0.0
Peru,0.0,0.0,0.0,0.0,1.0,0.0,0.0,0.0,0.0,0.0,0.0,0.0,0.0,0.0,0.0,0.0,0.0,0.0,1.0,1.0,0.75,1.0,0.0,1.0,0.75,0.25,1.0,0.0,1.0,0.0,0.0,1.0,0.0,0.75,0.25,0.75,1.0,0.25,0.0,0.5,0.0,0.0,0.0,1.0,1.0,0.0,0.0,0.0,0.0,1.0,0.0,0.0,0.0,0.0,0.0,0.0,0.25,1.0,0.5,0.25,1.0,0.25,1.0,0.25,1.0,0.0,1.0,0.0,0.0,0.0,0.0,0.0,0.75,1.0,0.0,0.0,0.0,1.0,0.0,0.0,0.0,0.25,0.0,0.0,1.0,0.0,0.0,0.0,1.0,0.0,1.0,0.5,0.0,0.0,1.0,0.75,1.0,1.0,0.0,0.0,0.5,0.5,1.0,0.0,0.0,0.0,0.0,0.0,0.0,0.0,0.75,0.0,0.75,0.0,0.5,0.0
Panama,0.0,0.0,0.0,1.0,0.0,0.0,0.0,0.0,0.0,1.0,0.0,0.0,0.0,0.0,0.0,0.0,0.0,0.0,1.0,0.75,0.0,1.0,0.0,1.0,0.0,0.5,1.0,0.0,1.0,1.0,0.0,0.0,0.25,0.5,0.25,0.0,1.0,0.0,0.0,0.0,0.0,0.0,0.0,1.0,1.0,0.0,0.0,0.0,0.0,1.0,0.0,0.0,0.0,0.0,0.0,0.0,0.5,1.0,0.0,0.25,0.5,0.25,1.0,0.5,0.5,0.25,1.0,0.0,0.0,0.0,0.0,0.0,0.5,1.0,0.0,0.0,0.0,1.0,0.0,0.0,0.0,0.25,0.0,0.0,1.0,0.0,0.0,0.0,0.5,0.0,0.5,0.25,0.0,0.0,1.0,0.5,0.75,1.0,0.0,0.0,0.5,0.5,0.0,0.0,0.0,0.0,0.0,0.0,0.0,0.0,0.5,0.0,1.0,0.0,0.0,0.0
Philippines,0.0,1.0,0.0,0.0,0.0,0.0,0.0,0.0,0.0,0.0,1.0,0.0,0.0,0.0,0.0,0.0,0.0,1.0,1.0,1.0,0.0,1.0,0.0,1.0,1.0,0.25,1.0,0.0,1.0,0.0,0.0,0.0,0.0,1.0,0.0,1.0,1.0,0.0,0.0,0.0,0.0,1.0,0.0,1.0,1.0,0.0,0.0,0.0,0.0,1.0,0.0,0.0,0.0,0.0,0.0,0.0,0.25,1.0,0.0,0.5,0.5,0.5,1.0,0.25,0.75,1.0,0.25,0.0,0.0,0.0,0.0,0.0,1.0,0.75,0.0,0.0,0.0,1.0,0.0,0.0,0.0,0.25,0.0,0.0,1.0,0.0,0.0,0.0,1.0,0.0,1.0,0.75,0.0,0.0,1.0,0.5,1.0,1.0,0.0,0.0,0.5,0.75,0.0,0.0,0.0,0.0,0.25,0.0,0.0,0.0,0.75,0.0,0.0,0.0,0.5,0.0
Poland,0.0,0.0,1.0,0.0,0.0,0.0,0.0,0.0,0.0,0.0,0.0,1.0,0.75,0.0,0.0,0.0,0.0,0.0,1.0,0.25,0.0,0.0,0.0,1.0,0.0,0.5,1.0,0.0,0.0,1.0,0.0,0.0,0.0,0.75,0.25,0.0,0.0,1.0,0.0,0.0,0.0,0.0,0.0,1.0,1.0,0.0,0.0,0.0,0.0,0.0,0.0,1.0,1.0,0.0,0.0,0.0,0.75,0.0,0.0,0.75,0.5,0.75,0.75,0.5,0.25,0.0,0.0,0.0,0.0,0.0,0.0,0.25,0.5,1.0,0.0,0.0,0.0,1.0,0.0,0.0,0.0,0.25,0.0,0.0,0.0,0.75,0.0,0.0,1.0,0.5,0.75,0.5,0.0,0.0,1.0,0.75,0.25,0.75,0.0,0.0,0.75,0.75,1.0,0.0,0.0,1.0,0.0,0.0,0.0,0.0,0.75,0.0,0.0,0.0,0.0,0.0
Qatar,0.0,1.0,0.0,0.0,0.0,0.0,0.0,1.0,0.0,0.0,0.0,0.0,0.0,0.0,0.0,0.0,0.0,0.0,1.0,0.0,1.0,0.0,0.0,0.0,0.0,1.0,1.0,0.0,0.0,0.0,1.0,0.0,1.0,1.0,0.0,0.0,0.0,0.0,0.0,1.0,0.0,0.0,1.0,0.0,0.0,1.0,0.0,1.0,0.0,0.0,0.0,0.0,0.0,1.0,0.0,0.0,1.0,0.0,1.0,0.75,0.0,0.0,0.75,1.0,1.0,0.25,0.0,0.0,1.0,0.0,0.0,0.0,0.5,0.0,1.0,0.0,0.0,0.0,1.0,0.0,0.0,0.0,1.0,0.0,1.0,0.0,0.0,0.0,0.75,0.0,0.5,1.0,0.0,1.0,0.25,0.5,0.0,0.75,0.0,0.0,0.5,1.0,0.0,0.0,0.0,0.0,0.0,0.0,0.0,0.0,0.5,0.0,0.0,0.0,0.0,0.0
Rwanda,1.0,0.0,0.0,0.0,0.0,0.0,0.0,0.0,0.0,0.0,0.0,0.0,0.0,0.0,0.0,1.0,1.0,0.0,0.0,1.0,0.0,1.0,0.0,1.0,1.0,0.25,0.0,0.0,0.0,0.0,0.0,0.0,0.75,0.75,0.25,0.0,1.0,0.0,0.0,0.0,0.0,0.0,0.0,1.0,0.75,0.25,0.0,0.0,1.0,0.0,0.0,0.0,0.0,0.0,1.0,0.0,0.25,1.0,0.0,0.25,0.5,0.25,0.5,0.0,0.75,0.5,0.0,1.0,0.0,0.0,0.0,0.0,1.0,1.0,0.0,0.0,0.0,0.75,0.0,0.0,0.0,0.25,0.0,0.0,1.0,0.0,0.0,0.0,0.5,0.0,0.25,0.25,0.0,0.0,1.0,0.25,0.75,0.5,0.0,0.0,0.25,0.5,1.0,0.0,0.0,0.0,0.25,0.0,0.0,0.0,0.5,0.0,0.0,0.0,0.0,0.0
Portugal,0.0,0.0,1.0,0.0,0.0,0.0,0.0,0.0,0.0,0.0,0.0,0.0,1.0,0.0,1.0,0.0,0.0,0.0,1.0,0.75,0.0,0.0,0.0,0.75,0.0,0.25,1.0,0.0,0.0,1.0,0.0,0.0,0.25,0.5,0.25,0.0,0.0,1.0,0.0,0.0,1.0,0.0,0.0,1.0,1.0,0.0,0.0,0.0,0.0,0.0,0.0,1.0,1.0,0.0,0.0,0.0,0.75,0.25,0.0,0.5,0.5,0.5,1.0,0.25,0.25,0.0,0.0,0.0,0.0,0.0,1.0,0.0,0.5,1.0,0.0,0.0,0.0,1.0,0.0,0.0,0.0,0.25,0.0,1.0,0.0,0.0,0.0,0.0,1.0,0.5,1.0,0.5,0.0,0.0,1.0,1.0,0.5,1.0,0.0,0.0,0.5,0.75,0.0,0.0,0.0,0.0,0.0,0.0,0.0,0.0,1.0,1.0,0.0,0.0,0.0,0.0
Romania,0.0,0.0,1.0,0.0,0.0,0.0,0.0,0.0,0.0,0.0,0.0,1.0,0.75,0.0,0.5,0.0,0.0,0.0,1.0,1.0,0.0,0.0,0.0,1.0,0.0,0.25,0.0,0.5,0.0,0.0,0.0,0.0,0.0,0.75,0.25,0.0,0.0,1.0,0.0,0.0,0.25,0.0,0.0,1.0,1.0,0.0,0.0,0.0,0.0,0.0,0.25,1.0,1.0,0.0,0.0,0.0,0.5,0.5,0.25,0.5,0.5,0.5,0.75,0.25,0.5,0.0,0.0,0.0,0.0,0.0,0.0,0.25,0.75,1.0,0.0,0.0,0.0,1.0,0.0,0.0,0.0,0.5,0.0,0.0,0.0,0.0,0.5,0.0,1.0,0.25,0.75,0.5,0.0,0.0,1.0,0.75,0.5,0.75,0.0,0.0,0.5,0.75,1.0,0.0,0.0,0.25,0.0,0.0,0.0,0.0,1.0,0.0,0.0,0.0,0.0,0.0
Russian Federation,0.0,0.75,0.75,0.0,0.0,0.0,0.0,0.25,0.0,0.0,0.0,1.0,0.25,0.0,0.0,0.0,0.0,0.0,1.0,1.0,0.25,0.0,1.0,1.0,0.25,0.25,1.0,0.0,1.0,0.25,0.0,1.0,0.0,0.5,0.5,0.75,0.0,0.5,1.0,0.0,0.0,0.0,0.0,1.0,0.25,0.75,1.0,0.0,0.0,0.0,0.75,0.0,0.0,0.0,0.0,1.0,0.5,0.5,1.0,0.5,0.5,0.75,0.5,0.25,1.0,0.0,0.0,0.0,0.0,0.0,0.0,1.0,0.5,0.0,0.0,1.0,0.0,0.5,0.0,0.0,0.0,0.5,0.0,1.0,0.0,1.0,0.0,0.0,1.0,1.0,0.5,0.5,0.75,0.0,0.75,0.5,0.5,0.5,1.0,1.0,0.5,0.5,1.0,0.0,1.0,0.0,0.5,0.0,1.0,0.0,0.5,0.0,0.0,0.0,1.0,1.0
St Kitts & Nevis,0.0,0.0,0.0,0.75,0.0,0.0,0.0,0.0,1.0,0.0,0.0,0.0,0.0,0.0,0.0,0.0,0.0,1.0,1.0,0.5,0.0,0.75,0.0,0.25,0.0,0.5,1.0,0.0,0.0,1.0,0.0,0.0,1.0,0.25,0.75,0.0,1.0,0.0,0.0,0.0,0.0,0.0,0.75,0.25,1.0,0.0,0.0,1.0,0.0,0.0,0.0,0.0,0.0,0.0,0.0,0.0,0.25,0.75,0.0,0.0,0.5,0.0,1.0,0.0,0.5,1.0,0.0,0.0,0.0,0.0,0.0,0.0,0.25,1.0,0.0,0.0,0.0,1.0,0.0,0.0,0.0,0.0,0.0,0.0,1.0,0.0,0.0,0.0,0.0,0.0,0.5,0.5,0.0,0.0,0.0,0.25,0.5,1.0,0.0,0.0,0.0,0.5,0.0,0.0,0.0,0.0,0.0,0.0,0.0,0.0,0.5,0.0,1.0,0.0,0.0,0.0
Samoa,0.0,0.0,0.0,0.0,0.0,1.0,0.0,0.0,0.0,0.0,0.0,0.0,0.0,0.0,0.0,0.0,0.0,1.0,1.0,0.75,0.0,1.0,0.0,0.5,0.75,0.25,1.0,0.0,1.0,0.0,0.0,0.0,1.0,0.25,0.75,0.0,1.0,0.0,0.0,0.0,0.0,0.0,0.75,0.25,0.75,0.0,0.0,1.0,0.0,0.0,0.0,0.0,0.0,0.0,0.0,0.0,0.25,0.75,0.0,0.0,0.5,0.0,0.75,0.0,0.75,0.5,0.0,0.0,0.0,0.0,0.0,0.0,0.75,0.5,0.0,0.0,0.0,1.0,0.0,0.0,0.0,0.0,0.0,0.0,1.0,0.0,0.0,0.0,0.5,0.0,0.5,0.5,0.0,0.0,0.5,0.5,0.5,0.75,0.0,0.0,0.25,0.5,0.0,0.0,0.0,0.0,0.0,0.0,0.0,0.0,0.0,0.0,1.0,0.0,0.0,0.0
San Marino,0.0,0.0,1.0,0.0,0.0,0.0,0.0,0.0,0.0,0.0,0.0,0.0,1.0,0.0,1.0,0.0,1.0,0.0,0.0,0.75,0.0,0.0,0.0,0.25,0.0,0.5,0.0,0.0,0.0,0.0,0.0,0.0,1.0,0.25,0.75,0.0,0.0,1.0,0.0,0.0,0.75,0.0,0.0,1.0,1.0,0.0,0.0,0.0,0.0,0.0,0.0,0.0,0.0,0.0,0.0,0.0,0.75,0.0,0.0,0.5,0.25,0.25,0.75,0.5,0.0,0.0,0.0,0.0,0.0,0.0,0.0,0.0,0.5,1.0,0.0,0.0,0.0,1.0,0.0,0.0,0.0,0.25,0.0,0.0,0.0,0.0,0.0,0.0,1.0,0.0,0.25,0.25,0.0,0.0,1.0,0.75,0.0,0.75,0.0,0.0,0.5,0.5,0.0,0.0,0.0,0.0,0.0,1.0,0.0,0.0,0.5,1.0,0.0,0.0,0.0,0.0
Senegal,1.0,0.0,0.0,0.0,0.0,0.0,0.0,0.0,0.0,0.0,0.0,0.0,0.0,0.0,0.0,1.0,0.0,0.0,1.0,0.0,0.25,0.0,0.0,1.0,0.0,0.75,1.0,0.0,0.0,1.0,0.0,0.0,0.25,0.5,0.25,0.0,1.0,0.0,0.0,0.25,0.0,0.0,0.0,1.0,0.75,0.0,0.0,0.0,1.0,0.0,0.0,0.0,0.0,0.0,1.0,0.0,0.0,1.0,0.25,0.25,0.75,0.25,0.5,0.25,0.75,0.0,0.0,1.0,0.0,0.0,0.0,0.0,0.75,1.0,0.0,0.0,0.0,0.0,1.0,0.0,0.0,0.25,0.0,0.0,1.0,0.0,0.0,0.0,0.75,0.0,0.75,0.5,0.0,0.0,0.5,0.5,0.25,0.5,0.0,0.0,0.25,0.25,0.25,0.0,0.0,0.0,0.0,0.0,0.0,0.0,0.75,0.0,0.0,0.0,0.0,0.0
St Lucia,0.0,0.0,0.0,0.0,0.0,0.0,0.0,0.0,1.0,0.0,0.0,0.0,0.0,0.0,0.0,0.0,0.0,1.0,1.0,0.75,0.0,0.75,0.0,0.25,0.25,0.25,1.0,0.0,0.0,1.0,0.0,0.0,1.0,0.5,0.25,0.0,1.0,0.0,0.0,0.0,0.0,0.0,0.0,1.0,1.0,0.0,0.0,1.0,0.0,0.0,0.0,0.0,0.0,0.0,0.0,0.0,0.25,0.75,0.0,0.25,0.5,0.0,1.0,0.0,0.5,1.0,0.0,0.0,0.0,0.0,0.0,0.0,0.5,1.0,0.0,0.0,0.0,1.0,0.0,0.0,0.0,0.0,0.0,0.0,1.0,0.0,0.0,0.0,0.0,0.0,0.5,0.5,0.0,0.0,0.5,0.5,0.75,1.0,0.0,0.0,0.25,0.5,0.0,0.0,0.0,0.0,0.0,0.0,0.0,0.0,0.5,0.0,1.0,0.0,0.0,0.0
Saint Vincent & the Grenadines,0.0,0.0,0.0,0.0,0.0,0.0,0.0,0.0,1.0,0.0,0.0,0.0,0.0,0.0,0.0,0.0,0.0,1.0,1.0,0.5,0.0,0.75,0.0,0.25,0.75,0.25,1.0,0.0,0.0,1.0,0.0,0.0,1.0,0.5,0.25,0.0,1.0,0.0,0.0,0.0,0.0,0.0,0.0,1.0,1.0,0.0,0.0,1.0,0.0,0.0,0.0,0.0,0.0,0.0,0.0,0.0,0.25,0.75,0.0,0.25,0.5,0.0,0.75,0.0,0.5,1.0,0.0,0.0,0.0,0.0,0.0,0.0,0.5,1.0,0.0,0.0,0.0,1.0,0.0,0.0,0.0,0.0,0.0,0.0,1.0,0.0,0.0,0.0,0.0,0.0,0.5,0.5,0.0,0.0,0.0,0.25,0.5,0.75,0.0,0.0,0.25,0.5,0.0,0.0,0.0,0.0,0.0,0.0,0.0,0.0,0.5,0.0,1.0,0.0,0.0,0.0
Sao Tome & Principe,1.0,0.0,0.0,0.0,0.0,0.0,0.0,0.0,0.0,0.0,0.0,0.0,0.0,0.0,0.0,1.0,0.0,1.0,1.0,0.25,0.0,1.0,0.0,0.25,0.75,0.5,1.0,0.0,0.0,1.0,0.0,0.0,1.0,0.25,0.75,0.0,1.0,0.0,0.0,0.0,0.0,0.0,0.0,1.0,0.75,0.0,0.0,1.0,0.0,0.0,0.0,0.0,0.0,0.0,1.0,0.0,0.0,1.0,0.0,0.0,0.5,0.0,0.5,0.0,0.75,0.0,0.0,0.0,0.0,0.0,1.0,0.0,0.5,1.0,0.0,0.0,0.0,1.0,0.0,0.0,0.0,0.0,0.0,0.0,1.0,0.0,0.0,0.0,0.25,0.0,0.5,0.25,0.0,0.0,0.5,0.25,0.5,0.5,0.0,0.0,0.0,0.25,0.0,0.0,0.0,0.0,0.0,0.0,0.0,0.0,0.5,0.0,0.0,0.0,0.0,0.0
Saudi Arabia,0.0,1.0,0.0,0.0,0.0,0.0,0.0,1.0,0.0,0.0,0.0,0.0,0.0,0.0,0.0,0.0,0.0,0.0,1.0,0.75,1.0,0.0,0.0,0.25,0.0,0.75,1.0,0.0,0.0,0.0,1.0,1.0,0.0,0.75,0.25,1.0,0.0,0.0,0.0,1.0,0.0,0.0,1.0,0.0,0.0,1.0,0.0,0.0,0.0,0.0,0.0,0.0,0.0,1.0,0.0,0.0,0.75,0.25,1.0,0.5,0.25,0.5,0.5,0.5,1.0,0.0,0.0,0.0,1.0,0.0,0.0,0.0,0.25,0.0,1.0,0.0,0.0,0.0,1.0,0.0,0.0,0.0,1.0,0.0,0.0,0.0,0.0,0.0,1.0,0.5,0.75,0.5,0.0,0.0,0.75,0.5,0.5,0.5,0.0,0.0,0.5,0.5,0.75,0.0,0.0,0.0,0.25,0.0,0.0,0.0,0.0,0.0,0.0,0.0,1.0,0.0
Serbia,0.0,0.0,1.0,0.0,0.0,0.0,0.0,0.0,0.0,0.0,0.0,1.0,0.0,0.0,0.75,0.0,1.0,0.0,0.0,1.0,0.0,0.0,0.0,1.0,0.0,0.25,0.0,0.0,0.0,0.0,0.0,0.0,0.0,0.75,0.25,0.0,0.0,1.0,0.0,0.0,0.25,0.0,0.0,1.0,0.75,0.0,0.0,0.0,0.0,0.0,0.0,0.0,0.5,0.0,0.0,0.0,0.25,0.75,0.0,0.25,0.5,0.5,0.5,0.25,0.5,0.0,0.0,0.0,0.0,0.0,0.0,0.25,0.75,0.0,0.0,1.0,0.0,1.0,0.0,0.0,0.0,0.25,0.0,0.0,0.0,0.0,1.0,1.0,1.0,0.0,0.5,0.5,0.0,0.0,0.5,0.5,0.25,0.5,0.0,0.0,0.5,0.5,1.0,0.0,0.0,0.5,0.25,0.0,0.0,0.0,0.5,0.0,0.0,0.0,0.0,0.0
Seychelles,1.0,0.0,0.0,0.0,0.0,0.0,0.0,0.0,0.0,0.0,0.0,0.0,0.0,0.0,0.0,1.0,0.0,1.0,1.0,0.25,0.0,0.75,0.0,0.0,0.0,0.5,1.0,0.0,0.0,0.0,1.0,0.0,1.0,0.25,0.75,0.0,1.0,0.0,0.0,0.0,0.0,0.0,0.0,1.0,0.75,0.0,0.0,1.0,1.0,0.0,0.0,0.0,0.0,0.0,1.0,0.0,0.25,0.75,0.0,0.25,0.25,0.0,1.0,0.0,0.5,0.75,0.0,1.0,0.0,0.0,0.0,0.0,0.75,1.0,0.0,0.0,0.0,0.75,0.0,0.0,0.0,0.25,0.0,0.0,1.0,0.0,0.0,0.0,0.0,0.0,0.5,0.25,0.0,0.0,0.75,0.25,0.75,1.0,0.0,0.0,0.25,0.5,0.0,0.0,0.0,0.0,0.0,0.0,0.0,0.0,0.75,0.0,0.0,0.0,0.0,0.0
Solomon Islands,0.0,0.0,0.0,0.0,0.0,1.0,0.0,0.0,0.0,0.0,0.0,0.0,0.0,0.0,0.0,0.0,0.0,1.0,1.0,0.75,0.0,1.0,0.0,0.5,0.75,0.25,1.0,0.0,1.0,0.0,0.0,0.0,1.0,0.25,0.75,0.0,1.0,0.0,0.0,0.0,0.0,0.0,0.0,1.0,0.75,0.0,0.0,1.0,0.0,0.0,0.0,0.0,0.0,0.0,0.0,0.0,0.0,1.0,0.0,0.0,0.5,0.0,0.75,0.0,1.0,1.0,0.0,0.0,0.0,0.0,0.0,0.0,0.75,1.0,0.0,0.0,0.0,1.0,0.0,0.0,0.0,0.0,0.0,0.0,1.0,0.0,0.0,0.0,0.25,0.0,0.5,0.25,0.0,0.0,0.5,0.25,0.75,0.5,0.0,0.0,0.0,0.25,0.0,0.0,0.0,0.0,0.25,0.0,0.0,0.0,0.0,0.0,1.0,0.0,0.0,0.0
Mauritius,1.0,0.0,0.0,0.0,0.0,0.0,0.0,0.0,0.0,0.0,0.0,0.0,0.0,0.0,0.0,1.0,0.0,1.0,1.0,0.75,0.0,0.5,0.0,0.25,0.0,0.5,1.0,0.0,0.0,0.0,1.0,0.0,1.0,0.75,0.0,0.0,1.0,0.0,0.0,0.0,0.0,0.75,0.0,1.0,1.0,0.0,0.0,1.0,1.0,0.0,0.0,0.0,0.0,0.0,1.0,0.0,0.75,0.25,0.0,0.75,0.5,0.5,1.0,0.75,0.25,0.75,0.0,0.75,0.0,0.0,0.0,0.0,1.0,1.0,0.0,0.0,0.0,0.25,0.25,0.5,0.0,1.0,0.0,0.0,1.0,0.0,0.0,0.0,0.0,0.0,0.75,0.25,0.0,0.0,1.0,0.5,0.75,1.0,0.0,0.0,0.5,0.75,0.0,0.0,0.0,0.0,0.0,0.0,0.0,0.0,1.0,0.0,0.0,0.0,0.0,0.0
Slovakia,0.0,0.0,1.0,0.0,0.0,0.0,0.0,0.0,0.0,0.0,0.0,1.0,0.25,0.0,0.0,0.0,1.0,0.0,0.0,1.0,0.0,0.0,0.0,1.0,0.0,0.25,0.0,0.0,0.0,0.0,0.0,0.0,0.25,0.5,0.25,0.0,0.0,1.0,0.0,0.0,0.0,0.0,0.0,1.0,1.0,0.0,0.0,0.0,0.0,0.0,0.0,1.0,1.0,0.0,0.0,0.0,0.75,0.25,0.0,0.5,0.25,0.75,0.5,0.25,0.25,0.0,0.0,0.0,0.0,0.0,0.0,0.25,0.5,1.0,0.0,0.0,0.0,1.0,0.0,0.0,0.0,0.25,0.0,0.0,0.0,1.0,0.0,1.0,0.5,0.0,0.5,0.5,0.0,0.0,0.75,0.5,0.25,0.5,0.0,0.0,0.5,0.75,1.0,0.0,0.0,0.0,0.0,0.0,0.0,0.0,0.75,1.0,0.0,0.0,0.0,0.0
Slovenia,0.0,0.0,1.0,0.0,0.0,0.0,0.0,0.0,0.0,0.0,0.0,0.75,0.75,0.0,0.5,0.0,0.0,0.0,1.0,1.0,0.0,0.0,0.0,1.0,0.0,0.25,0.0,1.0,0.0,0.0,0.0,0.0,0.75,0.5,0.25,0.0,0.0,1.0,0.0,0.0,0.5,0.0,0.0,1.0,1.0,0.0,0.0,0.0,0.0,0.0,0.0,1.0,1.0,0.0,0.0,0.0,0.75,0.25,0.0,0.5,0.25,0.5,0.75,0.25,0.25,0.0,0.0,0.0,0.0,0.0,0.0,0.0,0.5,1.0,0.0,0.0,0.0,1.0,0.0,0.0,0.0,0.25,0.0,0.0,0.0,0.0,0.0,1.0,0.75,0.0,0.5,0.5,0.0,0.0,0.75,0.5,0.5,0.75,0.0,0.0,0.75,0.75,0.75,0.0,0.0,0.0,0.0,0.0,0.0,0.0,0.75,1.0,0.0,0.0,0.0,0.0
Singapore,0.0,1.0,0.0,0.0,0.0,0.0,0.0,0.0,0.0,0.0,1.0,0.0,0.0,0.0,0.0,0.0,0.0,1.0,1.0,0.0,0.0,0.75,0.0,0.25,0.0,1.0,1.0,0.0,1.0,0.0,0.75,0.0,1.0,1.0,0.0,1.0,1.0,0.0,0.0,0.0,0.0,0.75,0.0,1.0,0.75,0.0,0.0,1.0,0.0,0.0,0.0,0.0,0.0,0.0,0.0,0.0,1.0,0.0,0.0,1.0,0.0,1.0,1.0,1.0,0.0,1.0,0.0,0.0,0.0,0.75,0.0,0.0,1.0,1.0,0.0,0.0,0.75,0.0,0.0,0.0,0.75,1.0,0.0,0.0,1.0,0.0,0.0,0.0,0.5,0.0,1.0,0.5,0.0,0.0,0.75,0.5,0.25,1.0,0.0,0.0,1.0,1.0,0.0,0.0,0.0,0.0,0.0,1.0,0.0,0.0,1.0,0.0,1.0,0.0,1.0,0.0
South Africa,1.0,0.0,0.0,0.0,0.0,0.0,0.0,0.0,0.0,0.0,0.0,0.0,0.0,0.0,0.0,1.0,0.0,0.0,1.0,1.0,0.75,0.25,0.0,1.0,0.0,0.25,1.0,0.0,0.0,0.75,1.0,1.0,0.0,0.75,0.25,1.0,0.25,0.5,0.0,0.5,0.5,0.0,0.0,1.0,1.0,0.0,0.0,1.0,0.0,0.0,0.0,0.0,0.0,0.0,1.0,0.0,0.5,0.75,0.25,0.5,0.75,0.5,0.75,0.5,0.75,0.75,0.0,0.0,0.0,0.0,0.25,0.0,1.0,1.0,0.0,0.0,0.0,0.75,0.0,0.0,0.0,0.25,0.0,0.0,1.0,0.0,0.0,0.0,0.5,0.5,0.5,1.0,0.0,1.0,1.0,0.5,1.0,0.75,0.0,0.0,0.5,0.5,1.0,0.0,0.0,0.0,0.25,0.0,0.0,0.0,1.0,0.0,0.0,0.0,1.0,1.0
Sudan,1.0,0.0,0.0,0.0,0.0,0.0,0.0,0.75,0.0,0.0,0.0,0.0,0.0,0.0,0.25,1.0,0.0,0.0,1.0,0.25,1.0,0.0,0.0,1.0,0.0,0.5,0.0,0.0,0.0,0.0,1.0,1.0,0.0,0.5,0.5,0.0,0.5,0.0,0.0,1.0,0.0,0.0,0.0,1.0,0.25,0.75,0.0,1.0,0.0,0.0,0.0,0.0,0.0,1.0,1.0,0.0,0.0,1.0,0.75,0.25,0.5,0.25,0.25,0.0,1.0,0.0,0.0,0.0,1.0,0.0,0.0,0.0,0.5,0.0,1.0,0.0,0.0,0.0,1.0,0.0,0.0,0.0,1.0,0.0,1.0,0.0,0.0,0.0,1.0,0.0,0.5,0.25,0.0,0.0,0.5,0.25,0.5,0.25,0.0,0.0,0.25,0.25,1.0,0.0,0.0,0.0,1.0,0.0,0.0,0.0,0.5,0.0,0.0,0.0,0.0,0.0
Sierra Leone,1.0,0.0,0.0,0.0,0.0,0.0,0.0,0.0,0.0,0.0,0.0,0.0,0.0,0.0,0.0,1.0,0.0,0.0,1.0,0.5,0.0,1.0,0.0,1.0,0.0,0.25,1.0,0.0,0.0,1.0,0.0,0.0,0.25,0.5,0.25,0.0,1.0,0.0,0.0,0.0,0.0,0.0,0.0,1.0,0.75,0.25,0.0,1.0,0.0,0.0,0.0,0.0,0.0,0.0,1.0,0.0,0.0,1.0,0.0,0.0,0.5,0.0,0.25,0.0,1.0,1.0,0.0,0.0,0.0,0.0,0.0,0.0,0.75,1.0,0.0,0.0,0.0,0.5,0.5,0.0,0.0,0.25,0.0,0.0,1.0,0.0,0.0,0.0,0.5,0.0,0.5,0.25,0.0,0.0,0.5,0.25,0.5,0.25,0.0,0.0,0.25,0.25,0.0,0.0,0.0,0.0,0.5,0.0,0.0,0.0,0.0,0.0,0.0,0.0,0.0,0.0
Somalia,1.0,0.0,0.0,0.0,0.0,0.0,0.0,0.0,0.0,0.0,0.0,0.0,0.0,0.0,0.0,1.0,0.0,0.0,1.0,0.25,0.75,0.0,0.0,0.5,0.0,0.75,1.0,0.0,0.0,0.0,1.0,0.75,0.0,0.5,0.5,0.0,0.75,0.0,0.0,0.5,0.0,0.0,0.0,1.0,0.25,0.75,0.0,1.0,0.0,0.0,0.0,0.0,0.0,1.0,1.0,0.0,0.0,1.0,0.0,0.0,0.5,0.0,0.25,0.0,0.75,0.0,0.0,0.0,0.75,0.0,0.0,0.0,0.75,0.25,0.75,0.0,0.0,0.0,1.0,0.0,0.0,0.0,1.0,0.0,1.0,0.0,0.0,0.0,1.0,0.0,0.5,0.25,0.0,0.0,0.0,0.25,0.25,0.25,0.0,0.0,0.0,0.25,0.0,0.0,0.0,0.0,1.0,0.0,0.0,0.0,0.0,0.0,0.0,0.0,0.0,0.0
Sri Lanka,0.0,1.0,0.0,0.0,0.0,0.0,0.0,0.0,0.0,0.0,1.0,0.0,0.0,0.0,0.0,0.0,0.0,1.0,1.0,1.0,0.0,1.0,0.0,1.0,0.0,0.25,1.0,0.0,0.0,0.0,1.0,0.0,0.75,0.75,0.25,0.0,1.0,0.0,0.0,0.0,0.0,1.0,0.0,1.0,0.75,0.0,0.0,1.0,0.0,0.0,0.0,0.0,0.0,0.0,0.0,0.0,0.25,0.75,0.0,0.25,0.5,0.25,1.0,0.25,0.5,0.5,0.0,0.0,0.0,0.0,0.0,0.0,0.75,0.0,0.0,0.0,0.0,0.0,0.0,0.0,1.0,0.5,0.0,0.0,1.0,0.0,0.0,0.0,1.0,0.0,0.75,0.5,0.0,0.0,1.0,0.5,0.75,1.0,0.0,0.0,0.5,0.5,0.0,0.0,0.0,0.0,0.5,0.0,0.0,0.0,0.5,0.0,0.0,0.0,0.0,0.0
Spain,0.0,0.0,1.0,0.0,0.0,0.0,0.0,0.0,0.0,0.0,0.0,0.0,1.0,0.0,1.0,0.0,0.0,0.0,1.0,1.0,0.25,0.0,0.0,1.0,0.0,0.25,1.0,1.0,0.0,1.0,0.0,0.75,0.0,1.0,0.0,1.0,0.0,1.0,0.0,0.25,1.0,0.0,1.0,0.0,1.0,0.0,0.0,0.0,0.0,0.0,0.0,1.0,1.0,0.0,0.0,0.0,1.0,0.0,0.0,0.75,0.75,0.75,1.0,0.5,0.25,0.0,1.0,0.0,0.0,0.0,0.0,0.0,0.75,1.0,0.0,0.0,0.0,1.0,0.0,0.0,0.0,0.5,0.0,1.0,0.0,0.0,0.0,0.0,1.0,1.0,1.0,1.0,1.0,1.0,1.0,1.0,0.5,1.0,0.0,0.0,0.75,0.75,1.0,0.0,0.0,0.0,0.0,0.0,0.0,0.0,1.0,1.0,0.0,0.0,1.0,0.0
South Sudan,1.0,0.0,0.0,0.0,0.0,0.0,0.0,0.0,0.0,0.0,0.0,0.0,0.0,0.0,0.0,1.0,0.0,0.0,0.0,0.25,0.0,0.75,0.0,1.0,0.0,0.5,0.0,0.0,0.0,0.0,0.0,0.5,0.0,0.25,0.75,0.0,1.0,0.0,0.0,0.0,0.0,0.0,0.0,1.0,0.25,0.75,1.0,1.0,0.0,0.0,0.0,0.0,0.0,0.0,1.0,0.0,0.0,1.0,0.75,0.0,0.5,0.0,0.25,0.0,1.0,0.5,0.0,0.0,0.0,0.0,0.0,0.0,0.75,0.5,0.0,0.0,0.0,0.5,0.25,0.0,0.0,0.25,0.0,0.0,1.0,0.0,0.0,1.0,0.25,0.0,0.0,0.0,0.0,0.0,0.0,0.0,0.0,0.25,0.0,0.0,0.0,0.25,1.0,0.0,0.0,0.0,1.0,0.0,0.0,0.0,0.0,0.0,0.5,0.0,0.0,0.0
Sweden,0.0,0.0,1.0,0.0,0.0,0.0,0.0,0.0,0.0,0.0,0.0,0.25,1.0,1.0,0.0,0.0,0.0,0.0,1.0,0.75,0.0,0.0,0.5,1.0,0.0,0.25,1.0,0.0,0.0,1.0,0.0,0.0,0.0,0.5,0.5,0.0,0.0,1.0,0.75,0.0,0.0,0.0,1.0,0.0,1.0,0.0,0.0,0.0,0.0,0.0,0.0,1.0,1.0,0.0,0.0,0.0,1.0,0.0,0.0,1.0,0.5,0.75,0.75,0.5,0.25,0.0,0.0,0.0,0.0,0.0,0.0,0.0,0.75,1.0,0.0,0.0,0.0,1.0,0.0,0.0,0.0,0.5,0.0,0.25,0.0,0.0,0.0,0.0,0.5,0.5,0.5,0.75,1.0,0.0,0.75,0.5,0.5,0.75,0.0,0.0,1.0,1.0,0.25,0.0,0.0,0.25,0.0,0.0,0.0,0.0,1.0,0.0,0.0,0.0,0.0,0.0
Suriname,1.0,0.0,0.0,0.0,1.0,0.0,0.0,0.0,0.0,0.0,0.0,0.0,0.0,0.0,0.0,0.0,0.0,0.0,1.0,0.25,0.0,1.0,0.0,1.0,0.0,0.75,1.0,0.0,0.0,1.0,0.0,0.0,0.75,0.25,0.75,0.0,1.0,0.0,0.0,0.0,0.0,0.0,0.0,1.0,0.75,0.0,0.0,0.0,1.0,0.0,0.0,0.0,0.0,0.0,0.0,0.0,0.0,1.0,0.5,0.25,0.75,0.25,0.5,0.0,1.0,0.25,0.0,0.75,0.0,0.0,0.0,0.0,0.75,1.0,0.0,0.0,0.0,0.5,0.0,0.0,0.0,0.5,0.0,0.0,1.0,0.0,0.0,0.0,0.25,0.0,0.5,0.25,0.0,0.0,0.5,0.25,0.5,0.25,0.0,0.0,0.25,0.5,0.0,0.0,0.0,0.0,0.0,0.0,0.0,0.0,0.5,0.0,0.75,0.0,0.0,0.0
Swaziland,1.0,0.0,0.0,0.0,0.0,0.0,0.0,0.0,0.0,0.0,0.0,0.0,0.0,0.0,0.0,1.0,1.0,0.0,0.0,1.0,0.0,0.0,0.0,0.75,0.0,0.25,0.0,0.0,0.0,0.0,0.0,0.0,0.75,0.5,0.25,0.0,0.75,0.25,0.0,0.0,0.0,0.0,1.0,0.0,0.25,0.75,0.0,1.0,0.0,0.0,0.0,0.0,0.0,0.0,1.0,0.0,0.25,1.0,0.0,0.0,0.5,0.0,0.5,0.0,0.75,0.5,0.0,0.0,0.0,0.0,0.0,0.0,0.75,0.5,0.0,0.0,0.0,0.75,0.0,0.0,0.0,0.25,0.0,0.0,1.0,0.0,0.0,0.0,0.5,0.0,0.25,0.25,0.0,0.0,0.25,0.25,0.25,0.5,0.0,0.0,0.25,0.25,0.0,0.0,0.0,0.0,0.0,0.0,0.0,0.0,0.5,0.0,0.0,0.0,0.0,0.0
Switzerland,0.0,0.0,1.0,0.0,0.0,0.0,0.0,0.0,0.0,0.0,0.0,0.0,1.0,0.0,0.0,0.0,1.0,0.0,0.0,1.0,0.0,0.0,0.0,1.0,0.0,0.0,0.0,0.0,0.0,0.0,0.0,0.0,0.0,0.75,0.25,0.0,0.0,1.0,0.25,0.0,0.0,0.0,0.0,1.0,1.0,0.0,1.0,0.0,0.0,0.0,0.0,0.0,0.0,0.0,0.0,0.0,1.0,0.0,0.0,1.0,0.5,1.0,1.0,1.0,0.0,0.0,0.0,0.25,0.0,0.0,0.0,0.0,1.0,1.0,0.0,0.0,0.0,1.0,0.0,0.0,0.0,0.5,0.0,0.0,0.0,0.0,0.0,0.0,1.0,0.5,1.0,0.75,1.0,0.0,1.0,1.0,0.75,1.0,0.0,0.0,1.0,1.0,1.0,0.0,0.0,0.0,0.0,0.0,0.0,0.0,1.0,0.0,0.0,0.0,0.0,0.0
Syria,0.0,1.0,0.0,0.0,0.0,0.0,0.0,1.0,0.0,0.0,0.0,0.0,0.0,0.0,1.0,0.0,0.0,0.0,1.0,1.0,1.0,0.0,0.0,1.0,0.0,0.25,0.0,1.0,0.0,0.0,0.0,0.0,0.0,0.75,0.25,0.0,0.0,0.0,0.0,1.0,0.75,0.0,0.0,1.0,0.0,1.0,0.0,0.0,1.0,0.0,0.0,0.0,0.0,1.0,0.0,0.0,0.0,1.0,0.5,0.0,0.5,0.25,0.25,0.0,0.75,0.0,0.0,0.0,1.0,0.0,0.0,0.0,0.5,0.0,1.0,0.0,0.0,0.0,1.0,0.0,0.0,0.0,1.0,0.0,1.0,0.0,1.0,0.0,1.0,0.0,1.0,0.25,0.0,0.0,1.0,1.0,0.5,0.25,0.0,0.0,0.0,0.25,1.0,0.0,0.0,0.0,1.0,0.0,0.0,0.0,0.0,0.0,0.0,0.0,0.0,0.0
Tanzania,1.0,0.0,0.0,0.0,0.0,0.0,0.0,0.0,0.0,0.0,0.0,0.0,0.0,0.0,0.0,1.0,0.0,0.0,1.0,1.0,0.0,1.0,0.0,1.0,1.0,0.25,1.0,0.0,0.0,0.0,1.0,1.0,0.0,0.75,0.25,0.5,1.0,0.0,0.0,0.0,0.0,0.0,0.0,1.0,0.75,0.25,0.0,1.0,0.0,0.0,0.0,0.0,0.0,0.0,1.0,0.0,0.25,1.0,0.0,0.25,1.0,0.25,1.0,0.25,1.0,0.75,0.0,0.0,0.0,0.0,0.0,0.0,1.0,0.75,0.0,0.0,0.0,0.5,0.5,0.0,0.0,0.25,0.0,0.0,1.0,0.0,0.0,0.0,1.0,0.0,0.5,0.5,0.0,0.0,1.0,0.5,1.0,1.0,0.0,0.0,0.25,0.5,1.0,0.0,0.0,0.0,0.0,0.0,0.0,0.0,0.75,0.0,0.0,0.0,0.0,0.0
Tajikistan,0.0,1.0,0.0,0.0,0.0,0.0,0.0,0.0,0.0,0.0,0.0,0.0,0.0,0.0,0.0,0.0,1.0,0.0,0.0,1.0,0.5,0.0,0.0,1.0,0.0,0.25,0.0,0.0,0.0,0.0,0.0,0.25,0.0,0.25,0.75,0.0,0.0,0.5,0.5,0.5,0.0,0.0,0.0,1.0,0.25,0.75,0.0,0.0,0.0,0.0,0.75,0.0,0.0,0.0,0.0,0.0,0.0,1.0,0.0,0.25,0.5,0.25,0.5,0.0,0.75,0.0,0.0,0.0,0.0,0.0,0.0,0.75,0.5,0.0,0.0,0.5,0.0,0.0,1.0,0.0,0.0,0.25,1.0,0.0,1.0,1.0,0.0,1.0,0.5,0.0,0.25,0.25,0.0,0.0,0.5,0.25,0.5,0.5,0.0,0.0,0.25,0.25,1.0,0.0,1.0,1.0,0.5,0.0,0.0,0.0,0.5,0.0,0.0,0.0,0.0,0.0
Taiwan,0.0,1.0,0.0,0.0,0.0,0.0,0.0,0.0,0.0,0.0,1.0,0.0,0.0,0.0,0.0,0.0,0.0,1.0,1.0,1.0,0.0,0.75,0.0,0.75,0.25,0.25,1.0,0.0,1.0,0.0,0.0,0.0,1.0,1.0,0.0,0.75,1.0,0.5,0.0,0.0,0.0,0.5,0.0,1.0,1.0,0.0,0.0,0.0,0.0,0.0,0.0,0.0,0.0,0.0,0.0,0.0,1.0,0.0,0.0,1.0,0.5,1.0,0.75,0.75,0.25,0.0,0.0,0.0,0.0,1.0,0.0,0.0,0.75,0.0,0.0,0.0,1.0,0.0,0.0,0.0,0.25,0.5,0.0,0.0,0.75,0.0,0.0,0.0,1.0,0.5,1.0,0.5,0.0,0.0,0.5,0.75,0.5,0.75,0.0,0.0,0.75,1.0,0.0,0.0,1.0,0.0,0.75,0.0,0.0,0.0,0.0,0.0,0.0,0.0,0.0,0.0
Thailand,0.0,1.0,0.0,0.0,0.0,0.0,0.0,0.0,0.0,0.0,1.0,0.0,0.0,0.0,0.0,0.0,0.0,0.0,1.0,1.0,0.0,1.0,0.0,1.0,0.0,0.25,1.0,0.0,0.0,0.0,1.0,0.0,0.0,1.0,0.0,1.0,1.0,0.0,0.0,0.0,0.0,1.0,1.0,0.0,0.5,0.25,0.0,0.0,0.0,0.0,0.0,0.0,0.0,0.0,0.0,0.0,0.5,1.0,0.0,0.5,1.0,0.5,1.0,0.5,0.5,0.0,0.0,0.0,0.0,0.0,0.0,0.0,1.0,0.0,0.0,0.0,0.0,0.0,0.0,0.0,1.0,0.5,1.0,0.0,0.0,0.0,0.0,0.0,1.0,0.0,1.0,0.5,0.0,0.0,1.0,1.0,1.0,1.0,0.0,0.0,0.5,0.5,1.0,0.0,1.0,0.0,0.0,0.0,0.0,0.0,0.5,0.0,0.0,0.0,0.0,0.0
Trinidad & Tobago,0.0,0.0,0.0,0.25,0.75,0.0,0.0,0.0,1.0,0.0,0.0,0.0,0.0,0.0,0.0,0.0,0.0,1.0,1.0,0.5,0.0,0.75,0.0,0.5,0.25,0.5,1.0,0.0,0.0,1.0,0.0,0.0,1.0,0.5,0.25,0.0,1.0,0.0,0.0,0.0,0.0,0.0,0.0,1.0,1.0,0.0,0.0,1.0,0.0,0.0,0.0,0.0,0.0,0.0,0.0,0.0,0.25,0.75,0.75,0.25,0.5,0.25,0.75,0.25,0.75,1.0,0.0,0.0,0.0,0.0,0.0,0.0,0.5,1.0,0.0,0.0,0.0,0.75,0.0,0.0,0.0,0.25,0.0,0.0,1.0,0.0,0.0,0.0,0.25,0.0,0.75,0.5,0.0,0.0,0.5,0.25,0.5,0.75,0.0,0.0,0.25,0.5,0.0,0.0,0.0,0.0,0.0,0.0,0.0,0.0,0.75,0.0,1.0,0.0,0.0,0.0
Tunisia,1.0,0.0,0.0,0.0,0.0,0.0,0.0,0.75,0.0,0.0,0.0,0.0,0.0,0.0,1.0,0.0,0.0,0.0,1.0,0.25,1.0,0.0,0.0,0.5,0.0,0.5,1.0,1.0,0.0,0.0,0.0,0.0,0.0,0.5,0.25,0.0,0.0,0.25,0.0,1.0,1.0,0.0,0.0,1.0,0.75,0.25,0.0,0.0,1.0,0.0,0.0,0.0,0.0,1.0,1.0,0.0,0.25,1.0,0.25,0.25,0.5,0.25,0.75,0.25,0.5,0.0,0.0,0.75,1.0,0.0,0.0,0.0,0.5,0.25,1.0,0.0,0.0,0.0,1.0,0.0,0.0,0.25,1.0,0.0,1.0,0.0,1.0,0.0,1.0,0.0,0.75,0.25,0.0,0.0,0.75,0.5,0.25,0.75,0.0,0.0,0.25,0.5,0.25,0.0,0.0,0.0,0.25,0.0,0.0,0.0,0.5,0.0,0.0,0.0,0.0,0.0
Turkey,0.0,0.75,0.25,0.0,0.0,0.0,0.0,1.0,0.0,0.0,0.0,0.5,0.0,0.0,1.0,0.0,0.0,0.0,1.0,1.0,0.25,0.0,0.0,1.0,0.5,0.25,1.0,1.0,0.0,0.0,0.0,1.0,0.0,1.0,0.0,1.0,0.0,0.75,0.25,0.0,1.0,0.0,0.0,1.0,0.5,0.5,0.0,0.0,0.0,0.0,0.0,0.0,1.0,1.0,0.0,0.0,0.5,0.75,0.5,0.5,0.75,0.75,1.0,0.5,0.5,0.0,0.0,0.0,0.0,0.0,0.0,0.0,0.75,1.0,0.0,0.0,0.0,0.0,1.0,0.0,0.0,0.5,1.0,1.0,0.0,0.0,1.0,0.0,1.0,0.75,1.0,0.5,0.0,0.0,1.0,1.0,0.75,1.0,0.0,0.0,0.5,0.5,1.0,0.0,0.0,0.25,0.5,0.0,1.0,0.0,0.5,0.0,0.0,0.0,1.0,0.0
Togo,1.0,0.0,0.0,0.0,0.0,0.0,0.0,0.0,0.0,0.0,0.0,0.0,0.0,0.0,0.0,1.0,0.0,0.0,1.0,0.0,0.0,0.75,0.0,0.5,0.0,0.75,1.0,0.0,0.0,1.0,0.0,0.0,1.0,0.5,0.25,0.0,1.0,0.0,0.0,0.0,0.0,0.0,0.0,1.0,0.5,0.5,0.0,0.0,1.0,0.0,0.0,0.0,0.0,0.0,1.0,0.0,0.0,1.0,0.0,0.0,0.75,0.0,0.25,0.0,0.75,0.0,0.0,1.0,0.0,0.0,0.0,0.0,0.75,1.0,0.0,0.0,0.0,0.5,0.25,0.0,0.0,0.5,0.0,0.0,1.0,0.0,0.0,0.0,0.5,0.0,0.25,0.25,0.0,0.0,0.25,0.25,0.25,0.25,0.0,0.0,0.25,0.25,0.5,0.0,0.0,0.0,0.25,0.0,0.0,0.0,0.5,0.0,0.0,0.0,0.0,0.0
Tuvalu,0.0,0.0,0.0,0.0,0.0,1.0,0.0,0.0,0.0,0.0,0.0,0.0,0.0,0.0,0.0,0.0,0.0,1.0,1.0,0.0,0.0,0.0,0.0,0.0,0.0,1.0,1.0,0.0,1.0,0.0,0.0,0.0,1.0,0.0,1.0,0.0,1.0,0.0,0.0,0.0,0.0,0.0,0.0,1.0,1.0,0.0,0.0,1.0,0.0,0.0,0.0,0.0,0.0,0.0,0.0,0.0,0.0,1.0,0.0,0.0,0.0,0.0,0.75,0.0,0.0,1.0,0.0,0.0,0.0,0.0,0.0,0.0,0.5,1.0,0.0,0.0,0.0,1.0,0.0,0.0,0.0,0.0,0.0,0.0,1.0,0.0,0.0,0.0,0.0,0.0,0.0,0.0,0.0,0.0,0.0,0.0,0.0,0.5,0.0,0.0,0.0,0.5,0.0,0.0,0.0,0.0,0.0,0.0,0.0,0.0,0.0,0.0,1.0,0.0,0.0,0.0
Uganda,1.0,0.0,0.0,0.0,0.0,0.0,0.0,0.0,0.0,0.0,0.0,0.0,0.0,0.0,0.0,1.0,1.0,0.0,0.0,0.75,0.0,1.0,0.0,1.0,0.5,0.25,0.0,0.0,0.0,0.0,0.0,0.0,0.0,0.75,0.25,0.0,1.0,0.0,0.0,0.0,0.0,0.0,0.0,1.0,0.75,0.25,0.0,1.0,0.0,0.0,0.0,0.0,0.0,0.0,1.0,0.0,0.0,1.0,0.0,0.25,0.75,0.25,0.5,0.0,0.75,1.0,0.0,0.0,0.0,0.0,0.0,0.0,0.75,1.0,0.0,0.0,0.0,0.75,0.25,0.0,0.0,0.25,0.0,0.0,1.0,0.0,0.0,0.0,0.75,0.0,0.5,0.5,0.0,0.0,0.75,0.5,0.75,0.5,0.0,0.0,0.25,0.25,1.0,0.0,0.0,0.0,0.25,0.0,0.0,0.0,0.0,0.0,0.0,0.0,0.0,0.0
Tonga,0.0,0.0,0.0,0.0,0.0,1.0,0.0,0.0,0.0,0.0,0.0,0.0,0.0,0.0,0.0,0.0,0.0,1.0,1.0,0.5,0.0,0.25,0.0,0.25,1.0,0.5,1.0,0.0,1.0,0.0,0.0,0.0,1.0,0.25,0.75,0.0,1.0,0.0,0.0,0.0,0.0,0.0,1.0,0.0,0.75,0.0,0.0,1.0,0.0,0.0,0.0,0.0,0.0,0.0,0.0,0.0,0.25,1.0,0.0,0.25,0.5,0.0,0.75,0.0,0.75,0.25,0.0,0.0,0.0,0.0,0.0,0.0,0.5,0.5,0.0,0.0,0.0,1.0,0.0,0.0,0.0,0.0,1.0,0.0,1.0,0.0,0.0,0.0,1.0,0.0,0.5,0.5,0.0,0.0,0.5,0.25,0.5,0.75,0.0,0.0,0.25,0.25,0.0,0.0,0.0,0.0,0.0,0.0,0.0,0.0,0.5,0.0,0.75,0.0,0.0,0.0
United Arab Emirates,0.0,1.0,0.0,0.0,0.0,0.0,0.0,1.0,0.0,0.0,0.0,0.0,0.0,0.0,0.0,0.0,0.0,0.0,1.0,0.25,1.0,0.0,0.0,0.25,0.0,1.0,1.0,0.0,0.0,0.0,1.0,0.0,0.0,0.75,0.25,1.0,0.0,0.0,0.0,1.0,0.0,0.0,1.0,0.0,0.0,0.75,1.0,1.0,0.0,0.0,0.0,0.0,0.0,1.0,0.0,0.0,0.75,0.25,1.0,0.75,0.25,0.5,1.0,1.0,1.0,0.5,0.0,0.0,1.0,0.0,0.0,0.0,0.75,0.0,1.0,0.0,0.0,0.0,1.0,0.0,0.0,0.0,1.0,0.0,1.0,0.0,0.0,0.0,0.75,0.0,0.5,0.5,0.0,0.0,0.5,0.75,0.25,1.0,0.0,0.0,0.75,0.75,0.0,0.0,0.0,0.0,0.0,0.0,0.0,0.0,0.75,0.0,0.75,0.0,0.0,0.0
Turkmenistan,0.0,1.0,0.0,0.0,0.0,0.0,0.0,0.75,0.0,0.0,0.0,0.0,0.0,0.0,0.0,0.0,1.0,0.0,0.75,0.5,1.0,0.0,0.0,0.5,0.0,0.75,0.0,0.0,0.0,0.0,0.0,0.75,0.0,0.25,0.75,0.0,0.0,0.0,0.0,1.0,0.0,0.0,0.0,1.0,0.25,1.0,0.0,0.0,0.0,0.0,0.0,0.0,0.0,0.0,0.0,0.0,0.25,1.0,1.0,0.25,0.5,0.25,0.25,0.0,1.0,0.0,0.0,0.0,0.0,0.0,0.0,0.75,0.5,0.25,0.0,0.0,0.0,0.0,1.0,0.0,0.0,0.25,1.0,0.0,0.0,1.0,0.0,1.0,1.0,0.0,0.25,0.25,0.0,0.0,0.5,0.5,0.25,0.25,0.0,0.0,0.25,0.25,0.75,0.0,0.0,1.0,0.0,0.0,0.0,0.0,0.5,0.0,0.0,0.0,0.0,0.0
United States,0.0,0.0,0.0,1.0,0.0,0.0,0.0,0.0,0.0,0.0,0.0,0.0,0.0,0.0,0.0,0.0,0.0,0.0,1.0,1.0,1.0,0.25,0.25,1.0,0.5,0.25,1.0,0.0,1.0,1.0,0.0,1.0,0.0,1.0,0.0,1.0,0.25,1.0,0.5,0.5,0.25,0.0,0.0,1.0,1.0,0.0,1.0,1.0,0.0,0.75,0.0,0.0,1.0,0.0,0.0,1.0,1.0,0.0,1.0,1.0,1.0,1.0,1.0,1.0,0.5,1.0,0.25,0.0,0.0,0.0,0.0,0.0,0.75,1.0,0.0,0.0,0.0,1.0,0.0,0.0,0.0,0.5,0.0,1.0,0.0,0.0,0.0,0.0,0.5,1.0,1.0,1.0,1.0,0.5,1.0,1.0,1.0,1.0,1.0,1.0,0.75,1.0,1.0,0.0,0.0,0.0,0.0,0.0,0.0,0.0,1.0,0.0,1.0,1.0,1.0,0.0
Ukraine,0.0,0.0,1.0,0.0,0.0,0.0,0.0,0.0,0.0,0.0,0.0,1.0,0.25,0.0,0.25,0.0,0.0,0.0,1.0,0.25,0.0,0.0,0.0,1.0,0.0,0.5,0.0,0.0,0.0,0.0,0.0,1.0,0.0,0.75,0.25,0.5,0.0,1.0,0.25,0.0,0.0,0.0,0.0,1.0,0.75,0.25,0.0,0.0,0.0,0.0,0.5,0.0,0.25,0.0,0.0,0.0,0.25,0.75,0.25,0.5,1.0,0.5,0.5,0.25,0.5,0.0,0.0,0.0,0.0,0.0,0.0,1.0,0.75,0.0,0.0,1.0,0.0,1.0,0.0,0.0,0.0,0.25,0.0,0.0,0.0,1.0,0.0,1.0,1.0,0.5,1.0,0.5,0.0,0.0,0.5,0.5,0.5,0.5,0.0,0.0,0.5,0.5,1.0,0.0,0.0,1.0,1.0,0.0,0.0,0.0,0.5,0.0,0.0,0.0,0.0,0.0
Uruguay,0.0,0.0,0.0,0.0,1.0,0.0,0.0,0.0,0.0,0.0,0.0,0.0,0.0,0.0,0.0,0.0,0.0,0.0,1.0,0.25,0.0,0.0,0.0,1.0,0.0,0.75,1.0,0.0,0.0,1.0,0.0,0.0,0.75,0.5,0.25,0.0,0.0,1.0,0.0,0.0,0.0,0.0,0.0,1.0,1.0,0.0,0.0,0.0,0.0,1.0,0.0,0.0,0.0,0.0,0.0,0.0,0.5,0.5,0.0,0.25,1.0,0.25,0.75,0.25,0.5,0.0,1.0,0.0,0.0,0.0,0.0,0.0,0.25,1.0,0.0,0.0,0.0,1.0,0.0,0.0,0.0,0.25,0.0,0.0,1.0,0.0,0.0,0.0,0.25,0.0,0.75,0.75,0.0,0.0,0.5,0.5,0.5,0.5,0.0,0.0,0.5,0.5,0.0,0.0,0.0,0.0,0.0,0.0,0.0,0.0,0.5,0.0,0.75,0.0,0.0,0.0
United Kingdom,0.0,0.0,1.0,0.0,0.0,0.0,0.0,0.0,0.0,0.0,0.0,0.0,1.0,0.0,0.0,0.0,0.0,1.0,1.0,0.25,0.0,0.0,0.0,0.75,0.0,0.5,1.0,0.0,0.0,1.0,0.0,0.0,0.0,1.0,0.0,0.75,0.0,1.0,0.0,0.0,0.0,0.0,1.0,0.0,1.0,0.0,0.0,0.0,0.0,0.0,0.0,0.25,1.0,0.0,0.0,1.0,1.0,0.0,0.25,1.0,0.5,1.0,1.0,1.0,0.25,1.0,0.0,0.0,0.0,0.0,0.0,0.0,0.75,1.0,0.0,0.0,0.0,1.0,0.0,0.0,0.0,0.5,0.0,1.0,0.0,0.0,0.0,0.0,1.0,1.0,0.75,1.0,1.0,0.5,1.0,1.0,0.5,1.0,1.0,0.5,1.0,1.0,0.0,0.0,0.0,0.0,0.0,0.0,0.0,0.0,1.0,0.0,0.0,1.0,1.0,0.0
Uzbekistan,0.0,1.0,0.0,0.0,0.0,0.0,0.0,0.0,0.0,0.0,0.0,0.0,0.0,0.0,0.0,0.0,1.0,0.0,0.0,0.75,1.0,0.0,0.0,0.75,0.0,0.5,0.0,0.0,0.0,0.0,0.0,0.75,0.0,0.5,0.25,0.0,0.0,0.5,0.0,1.0,0.0,0.0,0.0,1.0,0.25,0.75,0.0,0.0,0.0,0.0,0.75,0.0,0.0,0.0,0.0,0.0,0.25,1.0,0.5,0.25,0.75,0.5,0.5,0.0,0.75,0.0,0.0,0.0,0.0,0.0,0.0,0.75,0.75,0.5,0.0,0.5,0.0,0.0,1.0,0.0,0.0,0.25,0.0,0.0,0.0,1.0,0.0,1.0,1.0,0.0,0.5,0.25,0.0,0.0,0.75,0.5,0.5,0.5,0.0,0.0,0.25,0.5,1.0,0.0,1.0,1.0,0.25,0.0,0.0,0.0,0.75,0.0,0.0,0.0,0.0,0.0
Venezuela,0.0,0.0,0.0,0.0,1.0,0.0,0.0,0.0,0.0,0.0,0.0,0.0,0.0,0.0,0.0,0.0,0.0,0.0,1.0,1.0,0.0,1.0,0.0,1.0,0.25,0.25,1.0,0.0,0.0,1.0,0.0,1.0,0.0,0.75,0.25,0.75,1.0,0.0,0.0,0.0,0.0,0.0,0.0,1.0,0.5,0.75,1.0,0.0,0.0,1.0,0.5,0.0,0.0,0.0,0.0,0.0,0.25,1.0,1.0,0.25,0.5,0.25,0.5,0.25,1.0,0.0,1.0,0.0,0.0,0.0,0.0,0.0,0.5,1.0,0.0,0.0,0.0,1.0,0.0,0.0,0.0,0.25,0.0,0.0,1.0,0.0,0.0,0.0,0.75,0.25,0.5,0.5,0.0,0.0,0.75,0.5,0.75,0.5,0.0,0.0,0.25,0.25,1.0,0.0,0.0,0.0,0.75,0.0,0.0,0.0,0.0,0.0,0.5,0.0,0.0,0.5
Vanuatu,0.0,0.0,0.0,0.0,0.0,1.0,0.0,0.0,0.0,0.0,0.0,0.0,0.0,0.0,0.0,0.0,0.0,1.0,1.0,0.75,0.0,1.0,0.0,0.25,1.0,0.25,1.0,0.0,1.0,0.0,0.0,0.0,1.0,0.25,0.75,0.0,1.0,0.0,0.0,0.0,0.0,0.0,0.0,1.0,0.75,0.0,0.0,1.0,1.0,0.0,0.0,0.0,0.0,0.0,0.0,0.0,0.25,1.0,0.0,0.25,0.5,0.0,0.75,0.0,0.75,0.5,0.0,0.5,0.0,0.0,0.0,0.0,1.0,1.0,0.0,0.0,0.0,1.0,0.0,0.0,0.0,0.0,0.0,0.0,1.0,0.0,0.0,0.0,0.25,0.0,0.25,0.25,0.0,0.0,0.5,0.25,0.75,0.75,0.0,0.0,0.25,0.25,0.0,0.0,0.0,0.0,0.0,0.0,0.0,0.0,0.0,0.0,1.0,0.0,0.0,0.0
Vatican City,0.0,0.0,1.0,0.0,0.0,0.0,0.0,0.0,0.0,0.0,0.0,0.0,1.0,0.0,1.0,0.0,1.0,0.0,0.0,0.0,0.0,0.0,0.0,0.0,0.0,1.0,0.0,0.0,0.0,0.0,0.0,0.0,1.0,0.5,0.5,0.0,0.0,1.0,0.0,0.0,1.0,0.0,1.0,0.0,0.0,0.0,0.0,0.0,0.0,0.0,0.0,0.0,0.0,0.0,0.0,0.0,1.0,0.0,0.0,0.0,0.0,0.0,1.0,0.0,0.0,0.0,0.0,0.0,0.0,0.0,0.0,0.0,0.75,1.0,0.0,0.0,0.0,1.0,0.0,0.0,0.0,0.0,1.0,0.0,0.0,0.0,0.0,0.0,1.0,0.0,0.0,0.0,0.0,0.0,1.0,1.0,0.0,1.0,0.0,0.0,0.0,0.0,0.0,0.0,0.0,0.0,0.0,1.0,0.0,0.0,0.0,1.0,0.0,0.0,0.0,0.0
Vietnam,0.0,1.0,0.0,0.0,0.0,0.0,0.0,0.0,0.0,0.0,1.0,0.0,0.0,0.0,0.0,0.0,0.0,0.0,1.0,1.0,0.0,1.0,0.0,1.0,0.0,0.25,1.0,0.0,1.0,0.0,0.0,0.0,0.0,1.0,0.0,1.0,1.0,0.0,0.0,0.0,0.0,1.0,0.0,1.0,0.25,0.75,0.0,0.0,1.0,0.0,1.0,0.0,0.0,0.0,0.0,0.0,0.25,1.0,0.25,0.5,1.0,0.75,1.0,0.25,0.75,0.0,0.0,0.0,0.0,0.0,0.0,0.0,0.75,0.0,0.0,0.0,1.0,0.0,0.0,0.0,1.0,0.5,0.0,0.0,1.0,0.0,0.0,0.0,1.0,0.0,1.0,0.5,0.0,0.0,1.0,0.75,0.75,1.0,0.0,0.0,0.5,0.5,1.0,0.0,1.0,0.0,0.0,0.0,0.0,0.0,0.75,0.0,0.0,0.0,0.0,0.0
Yemen,0.0,1.0,0.0,0.0,0.0,0.0,0.0,1.0,0.0,0.0,0.0,0.0,0.0,0.0,0.0,0.0,0.0,0.0,1.0,1.0,1.0,0.0,0.0,0.5,0.0,0.25,1.0,0.0,0.0,0.0,1.0,0.75,0.0,0.5,0.5,0.0,0.0,0.0,0.0,1.0,0.0,0.0,1.0,0.0,0.0,1.0,0.0,1.0,0.0,0.0,0.0,0.0,0.0,1.0,0.0,0.0,0.0,1.0,0.5,0.0,0.25,0.0,0.25,0.0,1.0,0.0,0.0,0.0,1.0,0.0,0.0,0.0,0.5,0.0,1.0,0.0,0.0,0.0,1.0,0.0,0.0,0.0,1.0,0.0,1.0,0.0,1.0,0.0,1.0,0.0,0.5,0.0,0.0,0.0,0.75,0.5,0.5,0.25,0.0,0.0,0.0,0.25,0.0,0.0,0.0,0.0,1.0,0.0,0.0,0.0,0.0,0.0,0.0,0.0,0.0,0.0
Zambia,1.0,0.0,0.0,0.0,0.0,0.0,0.0,0.0,0.0,0.0,0.0,0.0,0.0,0.0,0.0,1.0,1.0,0.0,0.0,0.75,0.25,0.5,0.0,1.0,0.0,0.5,0.0,0.0,0.0,0.0,0.0,0.75,0.0,0.25,0.75,0.0,0.75,0.0,0.0,0.0,0.0,0.0,0.0,1.0,0.75,0.0,0.0,1.0,0.0,0.0,0.0,0.0,0.0,0.0,1.0,0.0,0.25,1.0,0.0,0.25,0.75,0.25,0.5,0.0,1.0,1.0,0.0,0.0,0.0,0.0,0.0,0.0,0.75,1.0,0.0,0.0,0.0,0.75,0.0,0.0,0.0,0.25,0.0,0.0,1.0,0.0,0.0,0.0,0.5,0.0,0.25,0.25,0.0,0.0,0.5,0.25,0.75,0.5,0.0,0.0,0.25,0.25,1.0,0.0,0.0,0.0,0.0,0.0,0.0,0.0,1.0,0.0,0.0,0.0,0.0,0.0
Zimbabwe,1.0,0.0,0.0,0.0,0.0,0.0,0.0,0.0,0.0,0.0,0.0,0.0,0.0,0.0,0.0,1.0,0.0,0.0,0.0,0.75,0.25,0.5,0.0,1.0,0.0,0.5,0.0,0.0,0.0,0.0,0.0,0.5,0.0,0.5,0.25,0.0,0.75,0.0,0.0,0.25,0.0,0.0,0.0,1.0,0.5,0.5,0.0,1.0,0.0,0.0,0.0,0.0,0.0,0.0,1.0,0.0,0.25,1.0,0.0,0.25,0.75,0.25,0.5,0.25,0.75,1.0,0.0,0.0,0.0,0.0,0.0,0.0,0.75,1.0,0.0,0.0,0.0,0.75,0.0,0.0,0.0,0.25,0.0,0.0,1.0,0.0,0.0,0.0,0.5,0.0,0.25,0.5,0.0,0.0,0.5,0.25,0.75,0.5,0.0,0.0,0.25,0.25,1.0,0.0,0.0,0.0,0.5,0.0,0.0,0.0,0.5,0.0,0.5,0.0,0.0,0.0
